robertcv-01/01.png;"Dylan Minnette";https://www.biography.com/.image/t_share/MTU2MDEzMzkxODI2MTM0NDAx/dylan-minnette-attends-the-premiere-of-netflixs-13-reasons-why-at-paramount-pictures-on-march-30-2017-in-los-angeles-california-photo-by-allen-berezovsky_wireimage-for-fashion-media.jpg
robertcv-01/02.png;"Dylan Minnette";https://www.biography.com/.image/t_share/MTU2MDEzMzkxODI2MTM0NDAx/dylan-minnette-attends-the-premiere-of-netflixs-13-reasons-why-at-paramount-pictures-on-march-30-2017-in-los-angeles-california-photo-by-allen-berezovsky_wireimage-for-fashion-media.jpg
robertcv-01/03.png;"Dylan Minnette";https://upload.wikimedia.org/wikipedia/commons/thumb/f/f0/Dylan_Minnette_in_2018.jpg/220px-Dylan_Minnette_in_2018.jpg
robertcv-01/04.png;"Dylan Minnette";https://vignette.wikia.nocookie.net/disney/images/a/ab/Dylan_Minnette.jpg/revision/latest?cb=20180315204611
robertcv-01/05.png;"Dylan Minnette";https://vignette.wikia.nocookie.net/disney/images/a/ab/Dylan_Minnette.jpg/revision/latest?cb=20180315204611
robertcv-01/06.png;"Dylan Minnette";https://m.media-amazon.com/images/M/MV5BMTc0ODUxMTk2M15BMl5BanBnXkFtZTgwNTIwODI3MDE@._V1_.jpg
robertcv-01/07.png;"Dylan Minnette";https://m.media-amazon.com/images/M/MV5BMTc0ODUxMTk2M15BMl5BanBnXkFtZTgwNTIwODI3MDE@._V1_.jpg
robertcv-01/08.png;"Dylan Minnette";https://i2.wp.com/finapp.co.in/wp-content/uploads/2017/04/Dylan-Minnette-Net-Worth-House-Cars-Salary-Income.jpg?fit=623%2C402&ssl=1
robertcv-01/09.png;"Dylan Minnette";https://i2.wp.com/finapp.co.in/wp-content/uploads/2017/04/Dylan-Minnette-Net-Worth-House-Cars-Salary-Income.jpg?fit=623%2C402&ssl=1
robertcv-01/10.png;"Dylan Minnette";https://cdn-img.instyle.com/sites/default/files/styles/684xflex/public/images/2018/01/011818-dylan-minnette-lead.jpg?itok=BL3V2AR-
robertcv-01/11.png;"Dylan Minnette";https://i.pinimg.com/originals/22/45/9e/22459ece3a4cc309136f25093caabcd7.jpg
robertcv-01/12.png;"Dylan Minnette";https://hips.hearstapps.com/hmg-prod.s3.amazonaws.com/images/gettyimages-495567738-1527004421.jpg?resize=480:*
robertcv-01/13.png;"Dylan Minnette";https://media1.popsugar-assets.com/files/thumbor/5o-i05ZNREcBdbPjVgCCszbhwJU/fit-in/1024x1024/filters:format_auto-!!-:strip_icc-!!-/2017/05/10/853/n/1922398/188cb888b0abcf68_GettyImages-661265550/i/Dylan-Minnette-Taken.jpg
robertcv-01/14.png;"Dylan Minnette";https://vignette.wikia.nocookie.net/marvelcinematicuniverse/images/a/ab/Dylan_Minnette.jpg/revision/latest?cb=20170211203840
robertcv-01/15.png;"Dylan Minnette";https://vignette.wikia.nocookie.net/marvelcinematicuniverse/images/a/ab/Dylan_Minnette.jpg/revision/latest?cb=20170211203840
robertcv-01/16.png;"Dylan Minnette";https://i.ytimg.com/vi/pI0AzOF_bw8/maxresdefault.jpg
robertcv-01/17.png;"Dylan Minnette";https://encrypted-tbn0.gstatic.com/images?q=tbn:ANd9GcQXkdppSzVhr_bnYpq_BwdZ6WBUE-wpFxEEfDdtLFvKDjySY7s1
robertcv-01/18.png;"Dylan Minnette";http://rawpages.com/wp-content/uploads/2017/06/Dylan-M-005.jpg
robertcv-01/19.png;"Dylan Minnette";https://thecelebscloset.com/wp-content/uploads/2017/09/Dylan-Minnette.jpg
robertcv-01/20.png;"Dylan Minnette";https://thecelebscloset.com/wp-content/uploads/2017/09/Dylan-Minnette.jpg
robertcv-01/21.png;"Dylan Minnette";https://ecelebrityfacts.com/images/28708/dylan-minnette-003938800-1524819508.jpg
robertcv-01/22.png;"Dylan Minnette";https://i.pinimg.com/236x/c7/55/c6/c755c6760b961d87eb8aabee1f8448c2--dylan-minnette--reasons.jpg
robertcv-01/23.png;"Dylan Minnette";http://img4.bdbphotos.com/images/700x350/j/e/jeuw85nuyko9uy.jpg?skj2io4l
robertcv-01/24.png;"Dylan Minnette";http://img4.bdbphotos.com/images/700x350/j/e/jeuw85nuyko9uy.jpg?skj2io4l
robertcv-01/25.png;"Dylan Minnette";https://i2.wp.com/www.uselessdaily.com/wp-content/uploads/2017/05/dylan-minette.jpg?resize=700%2C300&ssl=1
robertcv-01/26.png;"Dylan Minnette";https://encrypted-tbn0.gstatic.com/images?q=tbn:ANd9GcTrMbJAOXyJjmDwf8XK67Gm2y7I0U8DG3FBVAy4iPQKyKfv8mmYWw
robertcv-01/27.png;"Dylan Minnette";http://www.clevver.com/wp-content/uploads/2018/05/dylan-minnette-facts.gif
robertcv-01/28.png;"Dylan Minnette";https://i.pinimg.com/originals/29/d8/e5/29d8e5457343c9dbbde792584e1b691e.jpg
robertcv-01/29.png;"Dylan Minnette";https://www.thewrap.com/wp-content/uploads/2018/06/Dylan-Minnette-1176-x-1164-6.jpg
robertcv-01/30.png;"Dylan Minnette";https://cdn.dnaindia.com/sites/default/files/styles/full/public/2017/12/31/637969-dylan-minnette-1.jpg
robertcv-02/01.png;"Christian Navarro";http://celebsiren.com/wp-content/uploads/2018/05/Christian.jpg
robertcv-02/02.png;"Christian Navarro";http://celebsiren.com/wp-content/uploads/2018/05/Christian.jpg
robertcv-02/03.png;"Christian Navarro";https://pbs.twimg.com/media/DA0pUutXoAEJrOb.jpg
robertcv-02/04.png;"Christian Navarro";https://pbs.twimg.com/media/DA0pUutXoAEJrOb.jpg
robertcv-02/05.png;"Christian Navarro";http://liverampup.com/uploads/images/celebrity/Christian%20Navarro.jpg
robertcv-02/06.png;"Christian Navarro";https://allstarbio.com/wp-content/uploads/2018/07/Christian-Navarro-Net-worth-Height-Boyfriend-Body-Affair-Married-Ethnicity-678x381.jpg
robertcv-02/07.png;"Christian Navarro";https://allstarbio.com/wp-content/uploads/2018/05/Christian-Navarro-Bio-Net-worth-Height-Body-Girlfriend-Afrffair-Married-Ethnicity.jpg
robertcv-02/08.png;"Christian Navarro";https://allstarbio.com/wp-content/uploads/2018/05/Christian-Navarro-Bio-Net-worth-Height-Body-Girlfriend-Afrffair-Married-Ethnicity.jpg
robertcv-02/09.png;"Christian Navarro";https://wallpapercave.com/wp/wp2396584.jpg
robertcv-02/10.png;"Christian Navarro";http://media.zenfs.com/en-SG/homerun/the_hive_asia_947/f809e86ef89a54861caf904fa078f6a1
robertcv-02/11.png;"Christian Navarro";http://www.wetpaint.com/wp-content/uploads/2017/05/13-reasons-why-tony1-750x522.jpg
robertcv-02/12.png;"Christian Navarro";http://static1.purebreak.com/articles/4/13/25/74/@/552889-christian-navarro-13-reasons-why-son-diapo-3.jpg
robertcv-02/13.png;"Christian Navarro";https://i.pinimg.com/originals/f1/45/cc/f145cce447ea1b59eef005c093ee1dd7.jpg
robertcv-02/14.png;"Christian Navarro";http://images.fandango.com/ImageRenderer/0/0/redesign/static/img/default_poster.png/0/images/masterrepository/performer%20images/p860100/ChristianNavarro-2018.jpg
robertcv-02/15.png;"Christian Navarro";http://eceleb-gossip.com/wp-content/uploads/2017/07/Navro.jpg
robertcv-02/16.png;"Christian Navarro";https://encrypted-tbn0.gstatic.com/images?q=tbn:ANd9GcSxjqlkdQdILY3bINy1orKP3S_PbN_9ysVQ4t1wNSjhPd37Hss1SA
robertcv-02/17.png;"Christian Navarro";https://i.imgur.com/mCeO4d2.jpg
robertcv-02/18.png;"Christian Navarro";https://i.pinimg.com/originals/5e/ae/12/5eae12634257504fefc6641b3b938bc9.jpg
robertcv-02/19.png;"Christian Navarro";http://de.web.img3.acsta.net/r_1280_720/pictures/18/05/22/17/44/5462126.jpg
robertcv-02/20.png;"Christian Navarro";https://ewedit.files.wordpress.com/2017/04/13rw_113_00794r.jpg
robertcv-02/21.png;"Christian Navarro";https://encrypted-tbn0.gstatic.com/images?q=tbn:ANd9GcRUA3d29VctM49l9MD-t1vpOVWbjke9f9yG3YWkap_ULPLVJYVx
robertcv-02/22.png;"Christian Navarro";https://c8.alamy.com/comp/P35MAX/christian-navarro-attending-the-2018-mtv-movie-and-tv-awards-held-at-the-barker-hangar-in-los-angeles-usa-press-association-photo-picture-date-saturday-june-16-2018-photo-credit-should-read-francis-speckerpa-wire-P35MAX.jpg
robertcv-02/23.png;"Christian Navarro";https://c8.alamy.com/comp/P392HR/santa-monica-ca-usa-16th-june-2018-christian-navarro-2018-mtv-movie-and-tv-awards-held-at-barker-hangar-photo-credit-birdie-thompsonadmedia-credit-birdie-thompsonadmediazuma-wirealamy-live-news-P392HR.jpg
robertcv-02/24.png;"Christian Navarro";https://m.media-amazon.com/images/M/MV5BNzczOTk4NjU2MV5BMl5BanBnXkFtZTgwNTA2NzQ0NTM@._V1_SY1000_CR0,0,685,1000_AL_.jpg
robertcv-02/25.png;"Christian Navarro";http://cdn01.cdn.justjaredjr.com/wp-content/uploads/headlines/2017/08/christian-navarro-not-ghost-13-reasons-why-theory.jpg
robertcv-02/26.png;"Christian Navarro";https://www.goldderby.com/wp-content/uploads/2017/04/christian-navarro-13-reasons-why.jpg
robertcv-02/27.png;"Christian Navarro";http://www.wetpaint.com/wp-content/uploads/2017/05/13-reasons-why-tony-750x522.jpg
robertcv-02/28.png;"Christian Navarro";https://data.whicdn.com/images/300424871/large.jpg
robertcv-02/29.png;"Christian Navarro";https://encrypted-tbn0.gstatic.com/images?q=tbn:ANd9GcQHoPicZu_UgbVM4wUgGPFWnRehVZ6d9dRGAXkvvQihv-WgmrKL
robertcv-02/30.png;"Christian Navarro";https://encrypted-tbn0.gstatic.com/images?q=tbn:ANd9GcRMrVUNSM_WjY78AlZA4-iD0YCpXiCotCFOjEmXaY0-MVLFt1j9
robertcv-03/01.png;"Brandon Flynn";http://logoonline.mtvnimages.com/uri/mgid:ao:image:logotv.com:248718?quality=0.8&format=jpg&width=980&height=551
robertcv-03/02.png;"Brandon Flynn";https://i.redd.it/byc6b3g7fjz01.jpg
robertcv-03/03.png;"Brandon Flynn";https://m.media-amazon.com/images/M/MV5BMTcyMzIzMjYzNV5BMl5BanBnXkFtZTgwNzQ2ODI3NTM@._V1_SY1000_CR0,0,740,1000_AL_.jpg
robertcv-03/04.png;"Brandon Flynn";https://m.media-amazon.com/images/M/MV5BMTcyMzIzMjYzNV5BMl5BanBnXkFtZTgwNzQ2ODI3NTM@._V1_SY1000_CR0,0,740,1000_AL_.jpg
robertcv-03/05.png;"Brandon Flynn";https://pbs.twimg.com/profile_images/1014006708098568192/TCF2nsrY_400x400.jpg
robertcv-03/06.png;"Brandon Flynn";https://i.ytimg.com/vi/huHW2yUZhBs/maxresdefault.jpg
robertcv-03/07.png;"Brandon Flynn";https://variancemagazine.com/images/flynn-8943.jpg
robertcv-03/08.png;"Brandon Flynn";https://akns-images.eonline.com/eol_images/Entire_Site/201794/rs_1024x759-171004064933-1024-Smith-MK100417.jpg?fit=inside|900:auto&output-quality=90
robertcv-03/09.png;"Brandon Flynn";https://akns-images.eonline.com/eol_images/Entire_Site/201794/rs_1024x759-171004064933-1024-Smith-MK100417.jpg?fit=inside|900:auto&output-quality=90
robertcv-03/10.png;"Brandon Flynn";https://images.popbuzz.com/images/10041?crop=16_9&width=660&relax=1&signature=xaku7R1bW39JZ4T-YATsESETbVY=
robertcv-03/11.png;"Brandon Flynn";http://www.teenidols4you.com/blink/Actors/brandon-flynn/TI4U1498386630.jpg
robertcv-03/12.png;"Brandon Flynn";https://data.whicdn.com/images/313386696/large.jpg
robertcv-03/13.png;"Brandon Flynn";https://data.whicdn.com/images/313386696/large.jpg
robertcv-03/14.png;"Brandon Flynn";http://hero-live.s3.amazonaws.com/wp-content/uploads/2018/05/10112423/HERO-WINTER-ANNUAL-2017-BRANDON-FLYNN_Page_02_Image_0001-835x1000.jpg
robertcv-03/15.png;"Brandon Flynn";https://d2npu017ljjude.cloudfront.net/images/custom/w735/87393-9.jpg
robertcv-03/16.png;"Brandon Flynn";https://pm1.narvii.com/6883/c8716c3926b8fb068cbbd532e368bf6c252294d4r1-567-814v2_hq.jpg
robertcv-03/17.png;"Brandon Flynn";https://pm1.narvii.com/6883/c8716c3926b8fb068cbbd532e368bf6c252294d4r1-567-814v2_hq.jpg
robertcv-03/18.png;"Brandon Flynn";http://hero-live.s3.amazonaws.com/wp-content/uploads/2018/05/21193746/brandon-flynn-hero-alicia-boe.jpg
robertcv-03/19.png;"Brandon Flynn";https://pixel.nymag.com/imgs/daily/vulture/2017/05/04/03-13-reasons-why-brandon-flynn.w700.h700.jpg
robertcv-03/20.png;"Brandon Flynn";https://encrypted-tbn0.gstatic.com/images?q=tbn:ANd9GcQ1bKwOKvz2IMc4nIxOwCq7yFUw9JOH1mGVFzgljyBb8t9DIoTncQ
robertcv-03/21.png;"Brandon Flynn";http://www.bostonherald.com/sites/default/files/styles/gallery/public/media/ap/2018/05/18/2676a276321e414f99ddf7263baa76f7.jpg?itok=4OtX2L9K
robertcv-03/22.png;"Brandon Flynn";https://cdn.ipetitions.com/user-images/petitions/brandon-flynn-needs-twitter/BzBX4HHET8i9fIh5Bsh9_IMG_2767.JPG
robertcv-03/23.png;"Brandon Flynn";http://img4.bdbphotos.com/images/700x350/9/9/99yu1hu8didgdygu.jpg?skj2io4l
robertcv-03/24.png;"Brandon Flynn";http://marcandrew.ca/wp-content/uploads/2017/10/BrandonFlynn.jpg
robertcv-03/25.png;"Brandon Flynn";http://instinctmagazine.com/sites/instinctmagazine.com/files/styles/large/public/images/blog_posts/Nicholas%20Kania/2018/03/10/Screen%20Shot%202018-03-10%20at%2011.13.22%20AM%20copy.jpg?itok=m73aOubP
robertcv-03/26.png;"Brandon Flynn";https://st1.bollywoodlife.com/wp-content/uploads/2018/06/sam-smith-brandon-flynn.jpg
robertcv-03/27.png;"Brandon Flynn";https://flytimetv.com/wp-content/uploads/2018/06/brandon-flynn-y-sam-smith-fueron-vistos-cari%C3%B1osos-en-nueva-462x500.jpg
robertcv-03/28.png;"Brandon Flynn";https://1gr.cz/fotky/bulvar/18/063/cl6/MRA744c87_SAMSMITH.jpg
robertcv-03/29.png;"Brandon Flynn";https://cdn.newsapi.com.au/image/v1/a63eecb3c44b5d1e5301d1f8f0402e43
robertcv-03/30.png;"Brandon Flynn";http://cdn01.cdn.justjaredjr.com/wp-content/uploads/2017/06/brandon-tommy/brandon-flynn-tommy-dorfman-cerruti-pfw-02.jpg
robertcv-04/01.png;"Justin Prentice";https://m.media-amazon.com/images/M/MV5BNjMzMDczMzk4OF5BMl5BanBnXkFtZTgwNzk1ODU4NTE@._V1_.jpg
robertcv-04/02.png;"Justin Prentice";https://ecelebrityfacts.com/images/266407/justin-prentice-1526537639.jpg
robertcv-04/03.png;"Justin Prentice";https://upload.wikimedia.org/wikipedia/commons/thumb/6/61/Justin_Prentice_in_2018.jpg/220px-Justin_Prentice_in_2018.jpg
robertcv-04/04.png;"Justin Prentice";http://celebsiren.com/wp-content/uploads/2018/05/justin-prentice-social-032317.jpg
robertcv-04/05.png;"Justin Prentice";https://upload.wikimedia.org/wikipedia/commons/thumb/a/aa/Brycewalker.jpg/220px-Brycewalker.jpg
robertcv-04/06.png;"Justin Prentice";http://www.contactmusic.com/pics/ln/20180427/marie_claire_fresh_faces_280418_02/marie-claires-5th-annual-fresh_6078234.jpg
robertcv-04/07.png;"Justin Prentice";https://www.thewrap.com/wp-content/uploads/2018/06/JustinPrentice_TheWrap_0910_final2.jpg
robertcv-04/08.png;"Justin Prentice";http://cdn02.cdn.justjaredjr.com/wp-content/uploads/headlines/2017/06/justin-prentice-sings-kpop-hidden-talent.jpg
robertcv-04/09.png;"Justin Prentice";https://i.pinimg.com/originals/f5/bb/21/f5bb215f183df42ab37c43f2a402ee2e.jpg
robertcv-04/10.png;"Justin Prentice";https://akns-images.eonline.com/eol_images/Entire_Site/2017314/rs_634x1024-170414112244-634-JustinPrentice_0116_10152_V1.jpg?fit=inside|900:auto&output-quality=90
robertcv-04/11.png;"Justin Prentice";https://allstarbio.com/wp-content/uploads/2018/07/Justin-Prentice-Net-worth-Height-Boyfriend-Body-Affair-Married-Ethnicity.jpg
robertcv-04/12.png;"Justin Prentice";https://static1.squarespace.com/static/58805aeeb3db2bc35c5b302f/5afd178cf950b7543abcf6e1/5afd186f8a922d5621cf83d3/1526536417476/JustinPrentice-12_SMALL.jpeg
robertcv-04/13.png;"Justin Prentice";https://starsinformer.com/wp-content/uploads/2017/10/justin-prentice-profile.jpg
robertcv-04/14.png;"Justin Prentice";https://i.ytimg.com/vi/OVGMhze-OVI/maxresdefault.jpg
robertcv-04/15.png;"Justin Prentice";http://www1.pictures.zimbio.com/gi/Justin+Prentice+Those+Can+t+Premiere+Event+3qLiMCDMUuul.jpg
robertcv-04/16.png;"Justin Prentice";https://media1.popsugar-assets.com/files/thumbor/8NpcfBKJoW1SHVdxyN9uYO7GzdQ/fit-in/1024x1024/filters:format_auto-!!-:strip_icc-!!-/2017/04/18/985/n/1922283/8ebdac36ae52725b_GettyImages-507356828/i/Justin-Prentice.jpg
robertcv-04/17.png;"Justin Prentice";https://ssl.c.photoshelter.com/img-get/I00007zo6FDhpxko/s/600/600/adm-ThoseWhoCant-BP-090.jpg
robertcv-04/18.png;"Justin Prentice";http://www2.pictures.zimbio.com/gi/Those+Who+Can+t+Premiere+Event+qpKiuYqO-Wmx.jpg
robertcv-04/19.png;"Justin Prentice";http://images.fandango.com/ImageRenderer/0/0/redesign/static/img/default_poster.png/0/images/masterrepository/performer%20images/p692703/JustinPrentice-2018.jpg
robertcv-04/20.png;"Justin Prentice";https://www.girlfriend.com.au/media/8102/1000-justin-prentice.jpg
robertcv-04/21.png;"Justin Prentice";https://i.dailymail.co.uk/i/newpix/2018/07/08/11/4E08FB4E00000578-0-image-m-41_1531047271891.jpg
robertcv-04/22.png;"Justin Prentice";https://static1.squarespace.com/static/58805aeeb3db2bc35c5b302f/5afd178cf950b7543abcf6e1/5afd186b575d1f528bd291d6/1526536372569/JustinPrentice-8_SMALL.jpeg
robertcv-04/23.png;"Justin Prentice";http://wstale.com/wp-content/uploads/2018/05/Justin-Prentice-and-Katherine-Langford.jpg
robertcv-04/24.png;"Justin Prentice";https://media1.popsugar-assets.com/files/thumbor/ZXu3vxxQuqFlEBUoXiLF3dKYblQ/fit-in/1024x1024/filters:format_auto-!!-:strip_icc-!!-/2017/05/10/853/n/1922398/dc7867733ea0202c_GettyImages-661843790/i/Justin-Prentice-Taken.jpg
robertcv-04/25.png;"Justin Prentice";https://i.pinimg.com/originals/44/82/07/4482076a7f99593ce0dc6910f7763a8f.jpg
robertcv-04/26.png;"Justin Prentice";https://m.media-amazon.com/images/M/MV5BMTAwNDk5MzIzMDZeQTJeQWpwZ15BbWU4MDc5NDg2Njgx._V1_.jpg
robertcv-04/27.png;"Justin Prentice";https://pixel.nymag.com/imgs/daily/vulture/2018/05/24/24-bryce-walker-13rw.w700.h700.jpg
robertcv-04/28.png;"Justin Prentice";http://celebsecrets.com/wp-content/uploads/2017/02/16/shelby/17_JustinPrentice_0116_9995_V1-683x1024.jpeg
robertcv-04/29.png;"Justin Prentice";http://cdn01.cdn.justjaredjr.com/wp-content/uploads/2017/06/justin-minds/justin-prentice-13rw-minds-rapists-bryce-04.jpg
robertcv-04/30.png;"Justin Prentice";https://cdn.newsapi.com.au/image/v1/c655b9be040f59222be7d6c4b74a8f28?width=650
robertcv-05/01.png;"Miles Heizer";https://media1.popsugar-assets.com/files/thumbor/s72Qcu3rXLpUHdY1GnyeqQm1mS8/fit-in/2048xorig/filters:format_auto-!!-:strip_icc-!!-/2017/04/21/829/n/1922398/793d354358fa5580580b01.84930606_edit_img_image_845205_1492800770/i/Miles-Heizer.jpg
robertcv-05/02.png;"Miles Heizer";https://media1.popsugar-assets.com/files/thumbor/s72Qcu3rXLpUHdY1GnyeqQm1mS8/fit-in/2048xorig/filters:format_auto-!!-:strip_icc-!!-/2017/04/21/829/n/1922398/793d354358fa5580580b01.84930606_edit_img_image_845205_1492800770/i/Miles-Heizer.jpg
robertcv-05/03.png;"Miles Heizer";http://www.boysbygirls.co.uk/images/resized/images/uploads/Miles4_900_1173_s.jpg
robertcv-05/04.png;"Miles Heizer";http://liverampup.com/uploads/images/celebrity/Miles%20Heizer.jpg
robertcv-05/05.png;"Miles Heizer";https://a.wattpad.com/cover/115096242-352-k711441.jpg
robertcv-05/06.png;"Miles Heizer";https://marriedbiography.com/wp-content/uploads/2017/02/Miles-Heizer-.jpg
robertcv-05/07.png;"Miles Heizer";https://encrypted-tbn0.gstatic.com/images?q=tbn:ANd9GcR4YtT-0n5_HV2p04fiuygzLk7t4BPBNLZ4XVRae0ST2RDfgifO
robertcv-05/08.png;"Miles Heizer";https://www.goldderby.com/wp-content/uploads/2018/06/miles-heizer-13-reasons-why.jpg
robertcv-05/09.png;"Miles Heizer";https://pbs.twimg.com/profile_images/998655773256241152/cYpo3sBN_400x400.jpg
robertcv-05/10.png;"Miles Heizer";https://www.pintaram.com/u/mymilesheizer/1860415060444115563_5343995128
robertcv-05/11.png;"Miles Heizer";https://bookingagentinfo.com/wp-content/uploads/2018/05/Miles-Heizer-Contact-Information.jpg
robertcv-05/12.png;"Miles Heizer";https://vignette.wikia.nocookie.net/13reasonswhy/images/9/9d/Miles_Heizer_%283%29.jpg/revision/latest?cb=20180522185930
robertcv-05/13.png;"Miles Heizer";http://ilarge.lisimg.com/image/14391313/1118full-miles-heizer.jpg
robertcv-05/14.png;"Miles Heizer";https://i.mdel.net/i/db/2018/6/924372/924372-800w.jpg
robertcv-05/15.png;"Miles Heizer";https://i.mdel.net/i/db/2018/6/924372/924372-800w.jpg
robertcv-05/16.png;"Miles Heizer";http://www4.pictures.zimbio.com/gi/Miles+Heizer+2017+MTV+Movie+TV+Awards+Red+ahRHO1QF9Tql.jpg
robertcv-05/17.png;"Miles Heizer";https://data.whicdn.com/images/286962311/large.jpg
robertcv-05/18.png;"Miles Heizer";https://i.amz.mshcdn.com/3FAUe1ExmtT9EB9NQkhCFGvkPKY=/950x534/filters:quality(90)/https%3A%2F%2Fblueprint-api-production.s3.amazonaws.com%2Fuploads%2Fcard%2Fimage%2F470951%2Fa816099c-7cdb-4161-85d3-01eafacbe10f.jpg
robertcv-05/19.png;"Miles Heizer";https://assets.popbuzz.com/2017/19/miles-heizer-7-1494259132-view-0.png
robertcv-05/20.png;"Miles Heizer";https://pbs.twimg.com/profile_images/857347467683278848/jP7iRlhQ.jpg
robertcv-05/21.png;"Miles Heizer";https://vignette.wikia.nocookie.net/nerve/images/c/cc/Miles_Heizer.jpg/revision/latest?cb=20161231121139
robertcv-05/22.png;"Miles Heizer";https://i2.wp.com/www.famedstar.com/wp-content/uploads/2018/05/Miles-Heizer1.jpg?resize=700%2C658
robertcv-05/23.png;"Miles Heizer";https://ecelebrityfacts.com/images/187372/miles-heizer-1525425077.jpg
robertcv-05/24.png;"Miles Heizer";https://format-com-cld-res.cloudinary.com/image/private/s--6IXz-pZI--/c_limit,g_center,h_550,w_65535/a_auto,fl_keep_iptc.progressive,q_95/v1/2d52101b18d4cb32c885a4dbed6fa42b/349_EYE_Miles_Heizer_ph_Daria_Kobayashi_Ritch_Koskinen-2.jpg
robertcv-05/25.png;"Miles Heizer";https://i.pinimg.com/originals/f6/fa/d5/f6fad55056a059f5dcadc74d12fc3a03.jpg
robertcv-05/26.png;"Miles Heizer";https://data.whicdn.com/images/287167888/large.jpg
robertcv-05/27.png;"Miles Heizer";https://i0.wp.com/www.usmagazine.com/wp-content/uploads/2018/03/miles-heizer.jpg?crop=0px%2C0px%2C1282px%2C724px&resize=1600%2C900&ssl=1
robertcv-05/28.png;"Miles Heizer";https://www.celebheights.com/xr/m/miles-heizer.jpg
robertcv-05/29.png;"Miles Heizer";https://vignette.wikia.nocookie.net/13reasonswhy/images/a/a3/Miles_Heizer_%285%29.jpg/revision/latest?cb=20180522190059
robertcv-05/30.png;"Miles Heizer";https://imgix.bustle.com/elite-daily/2017/07/27111146/Alex-13-reasons-why-netflix.jpg
robertcv-06/01.png;"Ross Butler";https://m.media-amazon.com/images/M/MV5BN2FjY2Q3OTQtYjE4ZS00MjE1LWEzNDItMTg1YmJhZTRlMGNiXkEyXkFqcGdeQXVyNDcwMzIwNDE@._V1_UX214_CR0,0,214,317_AL_.jpg
robertcv-06/02.png;"Ross Butler";https://hips.hearstapps.com/hmg-prod.s3.amazonaws.com/images/ross-butler-1522875626.jpg?resize=480:*
robertcv-06/03.png;"Ross Butler";https://pbs.twimg.com/profile_images/1016260834559864832/ums7hOF__400x400.jpg
robertcv-06/04.png;"Ross Butler";https://i.pinimg.com/originals/57/1a/ac/571aac1b896f16de19fee53d47cb5e84.jpg
robertcv-06/05.png;"Ross Butler";https://reseuro.magzter.com/1261x1692/articles/9416/230072/595b960b8f021/Cosmo-Bae-Ross-Butler.jpg
robertcv-06/06.png;"Ross Butler";https://pmchollywoodlife.files.wordpress.com/2018/05/ross-butler-sued-ftr.jpg?w=620
robertcv-06/07.png;"Ross Butler";https://hips.hearstapps.com/hmg-prod.s3.amazonaws.com/images/ross-butler-1522875626.jpg?crop=1.00xw:0.364xh;0,0.169xh&resize=1200:*
robertcv-06/08.png;"Ross Butler";http://cdn01.cdn.justjaredjr.com/wp-content/uploads/headlines/2017/07/ross-single.jpg
robertcv-06/09.png;"Ross Butler";https://i.pinimg.com/originals/88/4b/dd/884bdd8bee7503ec8328d2fe1522a926.jpg
robertcv-06/10.png;"Ross Butler";https://pbs.twimg.com/profile_images/867234734438588416/eEGofoUx_400x400.jpg
robertcv-06/11.png;"Ross Butler";https://pmcvariety.files.wordpress.com/2018/04/ross-butler.jpg?w=1000
robertcv-06/12.png;"Ross Butler";http://kore.am/wp-content/uploads/2018/01/ross_butler35606_final.jpg
robertcv-06/13.png;"Ross Butler";https://vignette.wikia.nocookie.net/newdcmovieuniverse/images/4/4c/Ross%2BButler%2BPeople%2BChoice%2BAwards%2B2017%2BArrivals%2BqDIVtYAxmlul.jpg/revision/latest?cb=20180424040658
robertcv-06/14.png;"Ross Butler";https://vignette.wikia.nocookie.net/newdcmovieuniverse/images/4/4c/Ross%2BButler%2BPeople%2BChoice%2BAwards%2B2017%2BArrivals%2BqDIVtYAxmlul.jpg/revision/latest?cb=20180424040658
robertcv-06/15.png;"Ross Butler";https://assets.popbuzz.com/2017/16/ross-butler-peoples-choice-awards-2017-1492609838-view-0.jpg
robertcv-06/16.png;"Ross Butler";https://assets.teenvogue.com/photos/5ac648ec1e4c404f5689c057/3:2/w_1200,h_630,c_limit/ross-butler-on-waiting-to-date.jpg
robertcv-06/17.png;"Ross Butler";https://images.says.com/uploads/story_source/source_image/619054/4efa.jpg
robertcv-06/18.png;"Ross Butler";http://kore.am/wp-content/uploads/2017/11/Ross-Butler3_PC_Michael-Becker.jpg
robertcv-06/19.png;"Ross Butler";http://kore.am/wp-content/uploads/2017/11/Ross-Butler3_PC_Michael-Becker.jpg
robertcv-06/20.png;"Ross Butler";https://images.says.com/uploads/story_source/source_image/619033/0d93.jpg
robertcv-06/21.png;"Ross Butler";https://cdn.images.express.co.uk/img/dynamic/79/590x/13-Reasons-Why-star-Ross-Butler-is-being-sued-for-attempted-murder-charges-969564.jpg?r=1534769094342
robertcv-06/22.png;"Ross Butler";https://www.famousbirthdays.com/faces/butler-ross-image.jpg
robertcv-06/23.png;"Ross Butler";https://pmchollywoodlife.files.wordpress.com/2018/10/13-reasons-whys-ross-butler-denies-any-involvement-in-plot-to-murder-frances-bean-cobains-ex-ftr.jpg?w=620
robertcv-06/24.png;"Ross Butler";https://i.pinimg.com/originals/86/58/b1/8658b1e8ae789e6576bf042340d8aafa.png
robertcv-06/25.png;"Ross Butler";https://images-production.freetls.fastly.net/uploads/posts/image/164950/ross-butler-crazy-rich-asians.jpg
robertcv-06/26.png;"Ross Butler";https://pmcwwd.files.wordpress.com/2017/03/ross-butler-wwd-credit-dan-doperalski.jpg?crop=0px%2C136px%2C1366px%2C912px&resize=640%2C415
robertcv-06/27.png;"Ross Butler";https://media1.popsugar-assets.com/files/thumbor/mwBwaTJfd7gvQUgMmzq1oLevOys/fit-in/1024x1024/filters:format_auto-!!-:strip_icc-!!-/2017/05/10/853/n/1922398/c61b4da21979e153_GettyImages-680106826/i/Ross-Butler-Single.jpg
robertcv-06/28.png;"Ross Butler";https://media1.popsugar-assets.com/files/thumbor/mwBwaTJfd7gvQUgMmzq1oLevOys/fit-in/1024x1024/filters:format_auto-!!-:strip_icc-!!-/2017/05/10/853/n/1922398/c61b4da21979e153_GettyImages-680106826/i/Ross-Butler-Single.jpg
robertcv-06/29.png;"Ross Butler";http://wholecelebwiki.com/wp-content/uploads/2016/11/Ross-Butler-Biography-.jpg
robertcv-06/30.png;"Ross Butler";http://wholecelebwiki.com/wp-content/uploads/2016/11/Ross-Butler-Biography-.jpg
robertcv-07/01.png;"Devin Druid";http://celebsiren.com/wp-content/uploads/2017/04/Devin-Druid.jpg
robertcv-07/02.png;"Devin Druid";http://celebsiren.com/wp-content/uploads/2017/04/Devin-Druid.jpg
robertcv-07/03.png;"Devin Druid";http://regardmag.com/wp-content/uploads/DevinDruid-main.jpg
robertcv-07/04.png;"Devin Druid";https://static.tvgcdn.net/mediabin/showcards/celebs/d-f/thumbs/devin-druid-1061689_828x1104.png
robertcv-07/05.png;"Devin Druid";https://static.tvgcdn.net/mediabin/showcards/celebs/d-f/thumbs/devin-druid-1061689_828x1104.png
robertcv-07/06.png;"Devin Druid";https://hips.hearstapps.com/hmg-prod.s3.amazonaws.com/images/7675-1527014073.jpg?resize=480:*
robertcv-07/07.png;"Devin Druid";http://pop-culturalist.com/wp-content/uploads/2017/03/devin-druid-pop-culturalist-1024x579.jpg
robertcv-07/08.png;"Devin Druid";http://pop-culturalist.com/wp-content/uploads/2017/03/devin-druid-pop-culturalist-1024x579.jpg
robertcv-07/09.png;"Devin Druid";https://i.redd.it/hj9yrc6y2lz01.jpg
robertcv-07/10.png;"Devin Druid";https://i.pinimg.com/originals/dd/ba/9e/ddba9ef455c1895c1ce4a6b9f3635874.jpg
robertcv-07/11.png;"Devin Druid";https://i.pinimg.com/originals/dd/ba/9e/ddba9ef455c1895c1ce4a6b9f3635874.jpg
robertcv-07/12.png;"Devin Druid";http://regardmag.com/wp-content/uploads/DevinDruid-4-731x1024.jpg
robertcv-07/13.png;"Devin Druid";https://marriedbiography.com/wp-content/uploads/2017/06/devin-druid-6.jpg
robertcv-07/14.png;"Devin Druid";http://img1.wsimg.com/isteam/ip/7cee695b-0d1d-4d03-afe3-fb73698a61d2/DevinDruidRT02.jpg/:/cr=t:27.54%25,l:0%25,w:100%25,h:33.33%25/rs=w:1136,h:568,cg:true
robertcv-07/15.png;"Devin Druid";https://cdn.cnn.com/cnnnext/dam/assets/170407142154-13-reasons-why-devin-druid-restricted-exlarge-169.jpg
robertcv-07/16.png;"Devin Druid";https://www.famousbirthdays.com/headshots/devin-druid-7.jpg
robertcv-07/17.png;"Devin Druid";https://hips.hearstapps.com/sev.h-cdn.co/assets/17/16/2048x2938/gallery-1492635405-gettyimages-661845130.jpg?resize=480:*
robertcv-07/18.png;"Devin Druid";http://digitalspyuk.cdnds.net/18/21/640x320/landscape-1527010936-screen-shot-2018-05-22-at-183706.png
robertcv-07/19.png;"Devin Druid";http://digitalspyuk.cdnds.net/18/21/640x320/landscape-1527010936-screen-shot-2018-05-22-at-183706.png
robertcv-07/20.png;"Devin Druid";https://media1.popsugar-assets.com/files/thumbor/C7v1l4PdUaq19H__Lt5NhcRtAi4/fit-in/1024x1024/filters:format_auto-!!-:strip_icc-!!-/2018/06/16/158/n/1922283/7d7b2af9320eed3f_GettyImages-976675478/i/Devin-Druid.jpg
robertcv-07/21.png;"Devin Druid";https://media1.popsugar-assets.com/files/thumbor/C7v1l4PdUaq19H__Lt5NhcRtAi4/fit-in/1024x1024/filters:format_auto-!!-:strip_icc-!!-/2018/06/16/158/n/1922283/7d7b2af9320eed3f_GettyImages-976675478/i/Devin-Druid.jpg
robertcv-07/22.png;"Devin Druid";https://m.media-amazon.com/images/M/MV5BMjMyNzg5MDYwNl5BMl5BanBnXkFtZTgwNDAzNTQwMjI@._V1_UY317_CR131,0,214,317_AL_.jpg
robertcv-07/23.png;"Devin Druid";http://daman.co.id/daman.co.id/wp-content/uploads/2017/10/DEVIN-DRUID13small-752x1024.jpg
robertcv-07/24.png;"Devin Druid";http://i.imgur.com/1ve4WhS.jpg
robertcv-07/25.png;"Devin Druid";http://i.imgur.com/1ve4WhS.jpg
robertcv-07/26.png;"Devin Druid";https://i.ytimg.com/vi/LqT2H9LUVL8/maxresdefault.jpg
robertcv-07/27.png;"Devin Druid";https://www.famousbirthdays.com/headshots/devin-druid-8.jpg
robertcv-07/28.png;"Devin Druid";https://www.thewrap.com/wp-content/uploads/2015/09/devin-druid.png
robertcv-07/29.png;"Devin Druid";https://cdn.images.express.co.uk/img/dynamic/20/590x/13-Reasons-Why-Netflix-Tyler-Down-Devin-Druid-Clay-967144.jpg?r=1534897194677
robertcv-07/30.png;"Devin Druid";https://encrypted-tbn0.gstatic.com/images?q=tbn:ANd9GcQ6vRq2SgJmYvNO_YR4jHvqI15YWHFnz0aQZ1Ggd7InFQHDTZbD
robertcv-08/01.png;"Timothy Granaderos";https://m.media-amazon.com/images/M/MV5BMTAzOTE1NTk2MDFeQTJeQWpwZ15BbWU4MDI5NjgzNzQx._V1_.jpg
robertcv-08/02.png;"Timothy Granaderos";https://m.media-amazon.com/images/M/MV5BMTAzOTE1NTk2MDFeQTJeQWpwZ15BbWU4MDI5NjgzNzQx._V1_.jpg
robertcv-08/03.png;"Timothy Granaderos";http://celebsiren.com/wp-content/uploads/2018/05/Timothy-Granaderos.jpg
robertcv-08/04.png;"Timothy Granaderos";http://www.theitalianreve.com/wp-content/uploads/2018/07/TimothyGranaderos213.jpg
robertcv-08/05.png;"Timothy Granaderos";http://www.theitalianreve.com/wp-content/uploads/2018/07/TimothyGranaderos213.jpg
robertcv-08/06.png;"Timothy Granaderos";https://pbs.twimg.com/profile_images/902218616870912000/q0fwUPoo_400x400.jpg
robertcv-08/07.png;"Timothy Granaderos";https://pbs.twimg.com/profile_images/902218616870912000/q0fwUPoo_400x400.jpg
robertcv-08/08.png;"Timothy Granaderos";https://pbs.twimg.com/profile_images/817998030477606912/Pl9C-3tw_400x400.jpg
robertcv-08/09.png;"Timothy Granaderos";https://pbs.twimg.com/profile_images/817998030477606912/Pl9C-3tw_400x400.jpg
robertcv-08/10.png;"Timothy Granaderos";https://vignette.wikia.nocookie.net/marvelcinematicuniverse/images/a/a1/Timothy_Granaderos.jpg/revision/latest?cb=20170729202140
robertcv-08/11.png;"Timothy Granaderos";https://vignette.wikia.nocookie.net/marvelcinematicuniverse/images/a/a1/Timothy_Granaderos.jpg/revision/latest?cb=20170729202140
robertcv-08/12.png;"Timothy Granaderos";http://pt.tunes.zone/poster/person/full/86/87/89/0/868789-fotos-com-8.jpg
robertcv-08/13.png;"Timothy Granaderos";https://i.pinimg.com/originals/e9/a6/3c/e9a63c82affe051d6c74b6d5d3e678d5.jpg
robertcv-08/14.png;"Timothy Granaderos";https://i.ytimg.com/vi/zbQk_bzi858/maxresdefault.jpg
robertcv-08/15.png;"Timothy Granaderos";https://i.ytimg.com/vi/oBlxXYB2A9I/maxresdefault.jpg
robertcv-08/16.png;"Timothy Granaderos";https://hips.hearstapps.com/hmg-prod.s3.amazonaws.com/images/timothy-granaderos-13-reasons-why-1527625246.jpg?crop=1xw:1xh;center,top&resize=480:*
robertcv-08/17.png;"Timothy Granaderos";https://em.wattpad.com/89cbf59a7986bd7f300bace72e82f49ad879707c/68747470733a2f2f73332e616d617a6f6e6177732e636f6d2f776174747061642d6d656469612d736572766963652f53746f7279496d6167652f6135344d61794f6a7562496133673d3d2d3431363233333230322e313463313839333136366437626639353339363135393131333130302e6a7067?s=fit&w=720&h=720
robertcv-08/18.png;"Timothy Granaderos";https://i.ytimg.com/vi/xESwH3WIHk8/maxresdefault.jpg
robertcv-08/19.png;"Timothy Granaderos";http://de.web.img3.acsta.net/r_1280_720/pictures/15/08/07/11/40/188350.jpg
robertcv-08/20.png;"Timothy Granaderos";https://images-production.freetls.fastly.net/uploads/posts/image/163940/timothy-granaderos.jpg
robertcv-08/21.png;"Timothy Granaderos";https://images-production.freetls.fastly.net/uploads/posts/image/163940/timothy-granaderos.jpg
robertcv-08/22.png;"Timothy Granaderos";https://a.wattpad.com/cover/149173939-352-k933428.jpg
robertcv-08/23.png;"Timothy Granaderos";https://a.wattpad.com/cover/149173939-352-k933428.jpg
robertcv-08/24.png;"Timothy Granaderos";https://pmcvariety.files.wordpress.com/2018/06/rexfeatures_9718369ar_edited.jpg?w=1000
robertcv-08/25.png;"Timothy Granaderos";https://lh3.googleusercontent.com/proxy/1vVjWRhPqh1VMudQMUt3X-e_tku2aYP1sU4fWCYODpH63JFpwMO-Cbfyiri1QMZKZMTKMHJzui4cX_ZXrQ5NKNCu81Hw-YuMIN0TeiFEqcpPU2ufPa8zlIVVsbYEAASzPs0Y1Hx9-d_RHuRfHtg
robertcv-08/26.png;"Timothy Granaderos";https://lh3.googleusercontent.com/proxy/1vVjWRhPqh1VMudQMUt3X-e_tku2aYP1sU4fWCYODpH63JFpwMO-Cbfyiri1QMZKZMTKMHJzui4cX_ZXrQ5NKNCu81Hw-YuMIN0TeiFEqcpPU2ufPa8zlIVVsbYEAASzPs0Y1Hx9-d_RHuRfHtg
robertcv-08/27.png;"Timothy Granaderos";https://78.media.tumblr.com/d093ed229b9d3266a35e7d858c91a914/tumblr_ooy0lty7yC1vt51ugo1_1280.jpg
robertcv-08/28.png;"Timothy Granaderos";https://78.media.tumblr.com/d093ed229b9d3266a35e7d858c91a914/tumblr_ooy0lty7yC1vt51ugo1_1280.jpg
robertcv-08/29.png;"Timothy Granaderos";https://pbs.twimg.com/media/Djh8OIgX4AAzgzv.jpg
robertcv-08/30.png;"Timothy Granaderos";http://fr.web.img6.acsta.net/newsv7/18/05/30/16/01/0142310.jpg
robertcv-09/01.png;"Katherine Langford";https://upload.wikimedia.org/wikipedia/commons/thumb/7/75/Katherine_Langford_in_2018.jpg/220px-Katherine_Langford_in_2018.jpg
robertcv-09/02.png;"Katherine Langford";https://pmcdeadline2.files.wordpress.com/2017/12/rexfeatures_8559877at.jpg?w=446&h=299&crop=1
robertcv-09/03.png;"Katherine Langford";https://voi.img.pmdstatic.net/fit/http.3A.2F.2Fprd2-bone-image.2Es3-website-eu-west-1.2Eamazonaws.2Ecom.2Fprismamedia_people.2F2017.2F08.2F10.2F9bd15823-a588-4e8a-adaf-48f76105c5e5.2Ejpeg/380x285/quality/80/katherine-langford.jpg
robertcv-09/04.png;"Katherine Langford";https://cdn.newsday.com/polopoly_fs/1.18815989.1527541903!/httpImage/image.jpeg_gen/derivatives/landscape_768/image.jpeg
robertcv-09/05.png;"Katherine Langford";https://static1.squarespace.com/static/56c346b607eaa09d9189a870/t/599236b6a5790a99ee1fdb3e/1502757623245/
robertcv-09/06.png;"Katherine Langford";https://media.glamour.com/photos/5aaaa5473f4cab3d54308165/master/pass/KatherineLangford-river.jpg
robertcv-09/07.png;"Katherine Langford";https://imgix.bustle.com/uploads/getty/2018/9/12/e2536263-1ee4-461a-b6b0-e7515b9b1abe-getty-1031744210.jpg?w=945&h=574&fit=crop&crop=faces&auto=format&q=70
robertcv-09/08.png;"Katherine Langford";https://www.goldenglobes.com/sites/default/files/styles/portrait_medium/public/actress_actors-3/Katherine-Langford-060217-13-Reasons-Why-%28TV%29.jpg?itok=v4MMp3-v
robertcv-09/09.png;"Katherine Langford";https://www.goldenglobes.com/sites/default/files/styles/portrait_medium/public/actress_actors-3/Katherine-Langford-060217-13-Reasons-Why-%28TV%29.jpg?itok=v4MMp3-v
robertcv-09/10.png;"Katherine Langford";https://i.ytimg.com/vi/tBG-QwhPb90/maxresdefault.jpg
robertcv-09/11.png;"Katherine Langford";https://i.dailymail.co.uk/i/newpix/2018/08/31/11/4F8D99CC00000578-6117481-Family_feud_13_Reasons_Why_star_Katherine_Langford_22_and_actres-a-4_1535710247517.jpg
robertcv-09/12.png;"Katherine Langford";https://i.dailymail.co.uk/i/newpix/2018/08/31/11/4F8D99CC00000578-6117481-Family_feud_13_Reasons_Why_star_Katherine_Langford_22_and_actres-a-4_1535710247517.jpg
robertcv-09/13.png;"Katherine Langford";https://www.fashiongonerogue.com/wp-content/uploads/2018/05/Katherine-Langford-Photoshoot01.jpg
robertcv-09/14.png;"Katherine Langford";https://www.hellomagazine.com/imagenes/healthandbeauty/makeup/2018081461209/katherine-langford-eye-make-up-teen-choice-awards/0-291-260/katherine-langford-t.jpg
robertcv-09/15.png;"Katherine Langford";https://media.wmagazine.com/photos/58ceff5bedc87d55516cc13d/4:3/w_1536/katherine%2520langford%25201.jpg
robertcv-09/16.png;"Katherine Langford";https://www.biography.com/.image/t_share/MTUzMDQzMTU0MzEwODAwMzkx/katherine-langford-wearing-dior-attends-lynn-hirschberg-celebrates-w-magazines-it-girls-with-dior-at-aoc-on-january-6-2018-in-los-angeles-california-photo-by-stefanie-keenan_getty-images-for-w-magazin.jpg
robertcv-09/17.png;"Katherine Langford";https://www.biography.com/.image/t_share/MTUzMDQzMTU0MzEwODAwMzkx/katherine-langford-wearing-dior-attends-lynn-hirschberg-celebrates-w-magazines-it-girls-with-dior-at-aoc-on-january-6-2018-in-los-angeles-california-photo-by-stefanie-keenan_getty-images-for-w-magazin.jpg
robertcv-09/18.png;"Katherine Langford";https://media.wmagazine.com/photos/58ceff4d51d0bb41cc2d685a/4:3/w_1536/katherine%2520langford.jpg
robertcv-09/19.png;"Katherine Langford";https://cdn.newsapi.com.au/image/v1/425266a42b135713eff1d5a5bc2a5ff5
robertcv-09/20.png;"Katherine Langford";https://i.dailymail.co.uk/i/newpix/2018/03/18/14/4A50652300000578-5515181-_I_want_to_write_some_music_Love_Simon_actress_Katherine_Longfor-a-3_1521384517166.jpg
robertcv-09/21.png;"Katherine Langford";https://s2.r29static.com//bin/entry/eb8/720x864,80/2026647/image.jpg
robertcv-09/22.png;"Katherine Langford";https://s24193.pcdn.co/wp-content/uploads/2017/06/Katherine-Langford-2-1000x720.png
robertcv-09/23.png;"Katherine Langford";https://www.bravo.de/assets/field/image/katherine.jpg
robertcv-09/24.png;"Katherine Langford";http://media.popculture.com/2018/04/katherine-langford-elle-au-cover-cropped-20030642-640x320.jpeg
robertcv-09/25.png;"Katherine Langford";http://img4.bdbphotos.com/images/700x350/j/1/j1x9duyjeodij1dx.jpg?skj2io4l
robertcv-09/26.png;"Katherine Langford";http://celebsiren.com/wp-content/uploads/2017/04/Katherine.HS_.jpg
robertcv-09/27.png;"Katherine Langford";https://www.seventeenenespanol.com/wp-content/uploads/2018/09/La-raz%C3%B3n-por-la-que-Hannah-no-dijo-NO-en-ESA-escena.jpg
robertcv-09/28.png;"Katherine Langford";https://static1.squarespace.com/static/50f5d076e4b0bf97bb9c5de2/5a742f21c8302552ab7e0f94/5a742f2a53450a6bc940ffb8/1517563699141/KatherineLangford_100.jpg?format=1000w
robertcv-09/29.png;"Katherine Langford";https://data.whicdn.com/images/285103960/large.jpg
robertcv-09/30.png;"Katherine Langford";https://pbs.twimg.com/profile_images/1003511050266988550/R-GyGKwF_400x400.jpg
robertcv-10/01.png;"Amy Hargreaves";https://m.media-amazon.com/images/M/MV5BMGY4NDVkMzUtZjg2Mi00ZTk2LTk3MzAtYWU3Njc4NWVjMjA4L2ltYWdlXkEyXkFqcGdeQXVyMTY1NjI4ODk@._V1_SY1000_CR0,0,667,1000_AL_.jpg
robertcv-10/02.png;"Amy Hargreaves";https://marriedbiography.com/wp-content/uploads/2017/06/amy-hargreaves-2.jpg
robertcv-10/03.png;"Amy Hargreaves";https://video.newsserve.net/700/v/20180523/1805231724-Amy-Hargreaves-On-The-Netflix-Series-13-Reasons.jpg
robertcv-10/04.png;"Amy Hargreaves";https://vignette.wikia.nocookie.net/homelandtv/images/0/0c/Amy_Hargreaves.jpg/revision/latest?cb=20121005205023
robertcv-10/05.png;"Amy Hargreaves";https://vignette.wikia.nocookie.net/homelandtv/images/0/0c/Amy_Hargreaves.jpg/revision/latest?cb=20121005205023
robertcv-10/06.png;"Amy Hargreaves";https://www.celebheights.com/xr/a/amy-hargreaves.jpg
robertcv-10/07.png;"Amy Hargreaves";http://www3.pictures.zimbio.com/gi/Amy+Hargreaves+LJb2fPJDSNZm.jpg
robertcv-10/08.png;"Amy Hargreaves";http://4.bp.blogspot.com/-lGg9n_BP0Ec/UyLq-cDEjXI/AAAAAAAAGnU/S_cPl_1GmAc/s1600/Amy+Hargreaves+Hollywood+Actress+pics+by+unomatch+01.jpg
robertcv-10/09.png;"Amy Hargreaves";http://4.bp.blogspot.com/-lGg9n_BP0Ec/UyLq-cDEjXI/AAAAAAAAGnU/S_cPl_1GmAc/s1600/Amy+Hargreaves+Hollywood+Actress+pics+by+unomatch+01.jpg
robertcv-10/10.png;"Amy Hargreaves";https://cdnph.upi.com/pv/upi/6cf6ec464d502dd19bee225a5e6311b1/13-REASONS-WHY.jpg
robertcv-10/11.png;"Amy Hargreaves";https://alchetron.com/cdn/amy-hargreaves-bb18383d-0ed6-4ac6-9a44-74bc4f9adfa-resize-750.jpeg
robertcv-10/12.png;"Amy Hargreaves";http://images.fandango.com/ImageRenderer/0/0/redesign/static/img/default_poster.png/0/images/masterrepository/performer%20images/p196230/AmyHargreaves.jpg
robertcv-10/13.png;"Amy Hargreaves";http://images.fandango.com/ImageRenderer/0/0/redesign/static/img/default_poster.png/0/images/masterrepository/performer%20images/p196230/AmyHargreaves.jpg
robertcv-10/14.png;"Amy Hargreaves";http://hollywoodnewssource.com/wp-content/uploads/2016/06/Amy-H_PB068.jpeg
robertcv-10/15.png;"Amy Hargreaves";http://hollywoodnewssource.com/wp-content/uploads/2016/06/Amy-H_PB068.jpeg
robertcv-10/16.png;"Amy Hargreaves";https://cps-static.rovicorp.com/2/Open/Getty_Images_406/Person/188816/_2by3/_derived_jpg_q90_500x500_m0/GettyImages-484405062.jpg?partner=allrovi.com
robertcv-10/17.png;"Amy Hargreaves";https://cps-static.rovicorp.com/2/Open/Getty_Images_406/Person/188816/_2by3/_derived_jpg_q90_500x500_m0/GettyImages-484405062.jpg?partner=allrovi.com
robertcv-10/18.png;"Amy Hargreaves";https://newsfeeds.media/wp-content/uploads/2018/06/what-i-love-amy-hargreavess-zen-moment.jpg
robertcv-10/19.png;"Amy Hargreaves";https://i.ytimg.com/vi/ZxZBxi_JleI/maxresdefault.jpg
robertcv-10/20.png;"Amy Hargreaves";https://dodoodad.com/uploads/thumb/amy-hargreaves-biography-1532860741-300-300.jpeg
robertcv-10/21.png;"Amy Hargreaves";http://www1.pictures.zimbio.com/gi/Amy+Hargreaves+Eden+New+York+Premiere+JGicDENjgm3l.jpg
robertcv-10/22.png;"Amy Hargreaves";http://www1.pictures.zimbio.com/gi/Amy+Hargreaves+Eden+New+York+Premiere+JGicDENjgm3l.jpg
robertcv-10/23.png;"Amy Hargreaves";https://res.cloudinary.com/round-nyc/image/fetch/c_thumb,g_face,h_419,q_100,w_800/g_south,l_og_mask/co_rgb:1E2229,g_south_west,l_text%3ASF-UI-Text-Bold.otf_22%3AAmy%20Hargreaves,x_120,y_70/co_rgb:4B4F55,g_south_west,l_text:SF-UI-Text-Regular.otf_20:Wed%EF%BC%8C%2023%20May%EF%BC%8C%2012%3A00%20PM%20%C2%B7%20Build%20Studio,x_120,y_42/co_rgb:90949C,g_south_west,l_text:SF-UI-Text-Regular.otf_20:BUILD%20Series%20%C2%B7%20Seminar%20Or%20Talk,x_120,y_16/co_rgb:fA3E3E,g_south_west,l_text:SF-UI-Text-Regular.otf_20:MAY,x_42,y_68/co_rgb:1E2229,g_south_west,l_text:SF-UI-Text-Regular.otf_35:23,x_42,y_30/c_thumb,f_png,g_face,h_419,q_100,w_800/https://round-prod.s3.amazonaws.com/media/events/70646b_0092137476-amy-hargreaves.jpg
robertcv-10/24.png;"Amy Hargreaves";https://res.cloudinary.com/round-nyc/image/fetch/c_thumb,g_face,h_419,q_100,w_800/g_south,l_og_mask/co_rgb:1E2229,g_south_west,l_text%3ASF-UI-Text-Bold.otf_22%3AAmy%20Hargreaves,x_120,y_70/co_rgb:4B4F55,g_south_west,l_text:SF-UI-Text-Regular.otf_20:Wed%EF%BC%8C%2023%20May%EF%BC%8C%2012%3A00%20PM%20%C2%B7%20Build%20Studio,x_120,y_42/co_rgb:90949C,g_south_west,l_text:SF-UI-Text-Regular.otf_20:BUILD%20Series%20%C2%B7%20Seminar%20Or%20Talk,x_120,y_16/co_rgb:fA3E3E,g_south_west,l_text:SF-UI-Text-Regular.otf_20:MAY,x_42,y_68/co_rgb:1E2229,g_south_west,l_text:SF-UI-Text-Regular.otf_35:23,x_42,y_30/c_thumb,f_png,g_face,h_419,q_100,w_800/https://round-prod.s3.amazonaws.com/media/events/70646b_0092137476-amy-hargreaves.jpg
robertcv-10/25.png;"Amy Hargreaves";https://78.media.tumblr.com/376b7bd8bb4b4a229aea418ffa07ce6f/tumblr_p555fw1A2y1s5iu5qo1_500.jpg
robertcv-10/26.png;"Amy Hargreaves";https://discogslabs.imgix.net/films/5b8fede8dbfb810027c49b85.jpg?auto=compress%2Cformat&dpr=2&fit=max&fm=jpg&h=265&w=265&s=0a273f3c99f8523c2544d7f2a4fdb147
robertcv-10/27.png;"Amy Hargreaves";https://discogslabs.imgix.net/films/5b8fede8dbfb810027c49b85.jpg?auto=compress%2Cformat&dpr=2&fit=max&fm=jpg&h=265&w=265&s=0a273f3c99f8523c2544d7f2a4fdb147
robertcv-10/28.png;"Amy Hargreaves";https://i.ytimg.com/vi/zpM6vEYXibU/maxresdefault.jpg
robertcv-10/29.png;"Amy Hargreaves";https://digitalshortbread.files.wordpress.com/2015/08/amy-hargreaves-as-sam-in-blue-ruin.jpg
robertcv-10/30.png;"Amy Hargreaves";https://i.ytimg.com/vi/PSFSdiDNFZI/maxresdefault.jpg
robertcv-11/01.png;"Derek Luke";https://m.media-amazon.com/images/M/MV5BZWQ4NzY4MTQtZDVmMC00ODQ3LWFjZjAtZGU4OWIzZTA3YzhkXkEyXkFqcGdeQXVyODIyMDEzNzc@._V1_.jpg
robertcv-11/02.png;"Derek Luke";https://www.biography.com/.image/ar_1:1%2Cc_fill%2Ccs_srgb%2Cg_face%2Cq_auto:good%2Cw_300/MTE1ODA0OTcxOTE3OTM2MTQx/derek-luke-17176744-1-402.jpg
robertcv-11/03.png;"Derek Luke";https://imgix.bustle.com/rehost/2016/9/13/5790ea93-52fc-4237-a4a9-5ae039e72178.jpg?w=970&h=582&fit=crop&crop=faces&auto=format&q=70
robertcv-11/04.png;"Derek Luke";https://vignette.wikia.nocookie.net/13reasonswhy/images/3/3f/Derek_Luke.jpg/revision/latest?cb=20170410235933
robertcv-11/05.png;"Derek Luke";https://vignette.wikia.nocookie.net/empiretvshow/images/3/3d/4143c116299f1c5a498253d68fae7ccf.jpg/revision/latest?cb=20150609212949
robertcv-11/06.png;"Derek Luke";https://vignette.wikia.nocookie.net/empiretvshow/images/3/3d/4143c116299f1c5a498253d68fae7ccf.jpg/revision/latest?cb=20150609212949
robertcv-11/07.png;"Derek Luke";https://www.thefamouspeople.com/profiles/images/derek-luke-3.jpg
robertcv-11/08.png;"Derek Luke";http://www1.pictures.zimbio.com/gi/Derek+Luke+Celebrities+Visit+SiriusXM+March+fXxr-VS-tT0l.jpg
robertcv-11/09.png;"Derek Luke";http://www1.pictures.zimbio.com/gi/Derek+Luke+Premiere+Fox+Empire+Arrivals+vfBwjAMwhPil.jpg
robertcv-11/10.png;"Derek Luke";http://images.fandango.com/ImageRenderer/0/0/redesign/static/img/default_poster.png/0/images/masterrepository/performer%20images/p330665/derekluke-missionimpossibleIII-2.jpg
robertcv-11/11.png;"Derek Luke";https://i.pinimg.com/originals/cb/d0/40/cbd0407ecbb569126190f286afb8a762.jpg
robertcv-11/12.png;"Derek Luke";None
robertcv-11/13.png;"Derek Luke";https://m.media-amazon.com/images/M/MV5BMTU4MTcxMDMwOF5BMl5BanBnXkFtZTgwODc2ODI2MTE@._V1_SY1000_CR0,0,665,1000_AL_.jpg
robertcv-11/14.png;"Derek Luke";https://encrypted-tbn0.gstatic.com/images?q=tbn:ANd9GcTNOJJUDXCGLj6n8jVMJCXdN8OjI-73AKIBCDXBsjSupeka7ZXX
robertcv-11/15.png;"Derek Luke";https://www.flickfilosopher.com/wptest/wp-content/uploads/2011/07/derekluke1.gif
robertcv-11/16.png;"Derek Luke";https://i.ytimg.com/vi/Tv5CH477258/maxresdefault.jpg
robertcv-11/17.png;"Derek Luke";https://encrypted-tbn0.gstatic.com/images?q=tbn:ANd9GcQ6i0qSml5bFZ5sTx9PmYT65MEXiD0gRfpF8osD5yREbE3zuPsZnw
robertcv-11/18.png;"Derek Luke";https://pmctvline2.files.wordpress.com/2018/03/derek-luke-suspicion-cast-pilot.jpg?w=620&h=420&crop=1
robertcv-11/19.png;"Derek Luke";http://images.fandango.com/ImageRenderer/0/0/redesign/static/img/default_poster.png/0/images/masterrepository/performer%20images/p330665/derekluke-gloryroad-1.jpg
robertcv-11/20.png;"Derek Luke";http://images.fandango.com/ImageRenderer/0/0/redesign/static/img/default_poster.png/0/images/masterrepository/performer%20images/p330665/derekluke-gloryroad-1.jpg
robertcv-11/21.png;"Derek Luke";http://tr.tunes.zone/poster/person/full/62/06/69/0/620669-acklamal-resimler-derek-luke.jpg
robertcv-11/22.png;"Derek Luke";https://encrypted-tbn0.gstatic.com/images?q=tbn:ANd9GcQipNas0BNlaHCJ8Yen8cUZqGZqeHW16HcIF3Ku424Taf27fIj5
robertcv-11/23.png;"Derek Luke";https://vignette.wikia.nocookie.net/p__/images/5/54/Josh.jpg/revision/latest?cb=20140528055700&path-prefix=protagonist
robertcv-11/24.png;"Derek Luke";http://www.funbaz.com/members/mems/derekluke/gallery/images/derek-luke-7-630.jpg
robertcv-11/25.png;"Derek Luke";https://gazettereview.com/wp-content/uploads/2017/04/luke.jpg
robertcv-11/26.png;"Derek Luke";http://brieftake.com/wp-content/uploads/2018/05/dl.jpg
robertcv-11/27.png;"Derek Luke";http://www.elcinedeloqueyotediga.net/wp-content/uploads/2017/07/Portrecerazones11.jpg
robertcv-11/28.png;"Derek Luke";https://cdn3.whatculture.com/images/2017/05/e17d6d04b179eecf-600x400.jpg
robertcv-11/29.png;"Derek Luke";http://static-32.sinclairstoryline.com/resources/media/ed8182b5-e91d-43c6-781c-54a72acd8960-wenn21282783.jpg?1434675065324
robertcv-11/30.png;"Derek Luke";https://c8.alamy.com/comp/KA6803/derek-luke-cast-of-alex-of-venice-arrive-at-the-sva-theatre-for-screening-KA6803.jpg
robertcv-12/01.png;"Kate Walsh";https://www.biography.com/.image/t_share/MTU1NDYwNTM2Mzg4MTAyMTAz/kate-walsh-attends-the-get-hard-los-angeles-premiere-held-at-the-tcl-chinese-theatre-imax-on-march-25-2015-in-hollywood-californiaphoto-by-jeffrey-mayer_wireimage.jpg
robertcv-12/02.png;"Kate Walsh";https://imagesvc.timeincapp.com/v3/mm/image?url=https%3A%2F%2Fpeopledotcom.files.wordpress.com%2F2017%2F09%2Fkate-walsh.jpg%3Fw%3D2000&w=700&c=sc&poi=face&q=85
robertcv-12/03.png;"Kate Walsh";https://media.self.com/photos/5ad8d3c03cf6f501f0250496/4:3/w_728,c_limit/GettyImages-597186056.jpg
robertcv-12/04.png;"Kate Walsh";https://pmcvariety.files.wordpress.com/2018/05/kate20walsh20headshot.jpeg?w=999
robertcv-12/05.png;"Kate Walsh";https://www.thewrap.com/wp-content/uploads/2017/06/Kate-Walsh-Emmy-Quickie.jpg
robertcv-12/06.png;"Kate Walsh";https://s.abcnews.com/images/Entertainment/rtr_kate_walsh_jc_151119_16x9_992.jpg
robertcv-12/07.png;"Kate Walsh";https://vignette.wikia.nocookie.net/greysanatomy/images/a/a6/KateWalsh.jpg/revision/latest?cb=20171015160634
robertcv-12/08.png;"Kate Walsh";None
robertcv-12/09.png;"Kate Walsh";https://i0.heartyhosting.com/radaronline.com/wp-content/uploads/2017/09/Kate-walsh-brain-tumor-pp.jpg?fit=1200%2C788&ssl=1
robertcv-12/10.png;"Kate Walsh";https://pixel.nymag.com/imgs/daily/vulture/2018/06/11/04-kate-walsh-wig.w700.h700.jpg
robertcv-12/11.png;"Kate Walsh";https://thumbs.dreamstime.com/z/kate-walsh-25134165.jpg
robertcv-12/12.png;"Kate Walsh";https://resizing.flixster.com/pGqW91cWa8wW2vW5f10yyhOmWWQ=/300x300/v1.cjs4ODYwO2o7MTc4NjU7MTIwMDs0NjE7NjUy
robertcv-12/13.png;"Kate Walsh";https://peopledotcom.files.wordpress.com/2018/04/kate-walsh.jpg
robertcv-12/14.png;"Kate Walsh";https://peopledotcom.files.wordpress.com/2018/04/kate-walsh.jpg
robertcv-12/15.png;"Kate Walsh";https://www.wellandgood.com/wp-content/uploads/2017/09/kate-walsh.jpg
robertcv-12/16.png;"Kate Walsh";https://shawglobalnews.files.wordpress.com/2017/09/gettyimages-848784312.jpg?quality=70&strip=all&w=720
robertcv-12/17.png;"Kate Walsh";https://shawglobalnews.files.wordpress.com/2017/09/gettyimages-848784312.jpg?quality=70&strip=all&w=720
robertcv-12/18.png;"Kate Walsh";https://imagesvc.timeincapp.com/v3/mm/image?url=https%3A%2F%2Fimg1.cookinglight.timeinc.net%2Fsites%2Fdefault%2Ffiles%2Fstyles%2Fmedium_2x%2Fpublic%2Fimage%2F2015%2F04%2Fmain%2F1505p80-kate-walsh.jpg%3Fitok%3DT18Nj8l_&w=1000&q=70
robertcv-12/19.png;"Kate Walsh";https://upload.wikimedia.org/wikipedia/commons/thumb/6/65/Kate_Walsh_-_Romy_2013_a.jpg/220px-Kate_Walsh_-_Romy_2013_a.jpg
robertcv-12/20.png;"Kate Walsh";https://media1.popsugar-assets.com/files/thumbor/hjpWS-vih6t-ECOP-9Vlh1tfzaI/fit-in/1024x1024/filters:format_auto-!!-:strip_icc-!!-:watermark-!popsugar-watermark.png,-5,-5,0!-/2015/06/25/930/n/1922398/544a67f7b8eb4fc2_INFphoto_3023026/i/Kate-Walsh-50.JPG
robertcv-12/21.png;"Kate Walsh";https://vignette.wikia.nocookie.net/fargo/images/a/a6/KateWalsh.jpg/revision/latest?cb=20140808053102
robertcv-12/22.png;"Kate Walsh";http://www3.pictures.gi.zimbio.com/Kate+Walsh+Maxim+Hot+100+Party+iNWlzGs6oBZl.jpg
robertcv-12/23.png;"Kate Walsh";http://cdn02.cdn.justjared.com/wp-content/uploads/headlines/2017/09/kate-walsh-brain-tumor.jpg
robertcv-12/24.png;"Kate Walsh";https://upload.wikimedia.org/wikipedia/commons/thumb/e/ec/Kate_Walsh_HBO_party_08.jpg/220px-Kate_Walsh_HBO_party_08.jpg
robertcv-12/25.png;"Kate Walsh";https://i.ytimg.com/vi/9GInoN_hhFk/maxresdefault.jpg
robertcv-12/26.png;"Kate Walsh";https://i.dailymail.co.uk/i/pix/2016/11/05/11/3A12D8DD00000578-0-image-m-53_1478343760800.jpg
robertcv-12/27.png;"Kate Walsh";https://i.pinimg.com/originals/e0/a5/62/e0a562065c450f3fc44c43d2c9933c0b.jpg
robertcv-12/28.png;"Kate Walsh";https://i.ytimg.com/vi/h7A6Bc_gQ2g/maxresdefault.jpg
robertcv-12/29.png;"Kate Walsh";https://images.hellogiggles.com/uploads/2017/06/21194302/Kate_Walsh.png
robertcv-12/30.png;"Kate Walsh";https://cdn.flickeringmyth.com/wp-content/uploads/2018/05/13-Reasons-Why-Kate-Walsh-600x338.jpg
robertcv-13/01.png;"Anne Winters";http://photo.elcinema.com.s3.amazonaws.com/uploads/_315x420_b1f683c7c4bee5b219ca04e689a333326bdbb84b3cb148a88ee3ce85d8e1c212.jpg
robertcv-13/02.png;"Anne Winters";https://m.media-amazon.com/images/M/MV5BZjFkMDlmOTUtNmJmYS00NjY3LWIwNWItODQyNGRkNTkwZmY3XkEyXkFqcGdeQXVyMjQwMDg0Ng@@._V1_.jpg
robertcv-13/03.png;"Anne Winters";https://assets.popbuzz.com/2018/20/anne-winters-13-reasons-why-7-1526916597-view-1.jpg
robertcv-13/04.png;"Anne Winters";https://healthyceleb.com/wp-content/uploads/2018/04/Anne-Winters-in-a-selfie-as-seen-in-March-2018.jpg
robertcv-13/05.png;"Anne Winters";https://pmchollywoodlife.files.wordpress.com/2018/01/rexfeatures_8988086hk.jpg?w=1024
robertcv-13/06.png;"Anne Winters";http://cdn02.cdn.justjaredjr.com/wp-content/uploads/headlines/2018/05/anne-winters-talks-chloe-difficult-scene.jpg
robertcv-13/07.png;"Anne Winters";https://vignette.wikia.nocookie.net/13reasonswhy/images/6/6d/AnneWinters.jpg/revision/latest?cb=20171227160724
robertcv-13/08.png;"Anne Winters";http://www1.pictures.zimbio.com/gi/Anne+Winters+45th+Annual+Daytime+Emmy+Awards+FwYVUpTdKcTl.jpg
robertcv-13/09.png;"Anne Winters";http://www4.pictures.zimbio.com/gi/Anne+Winters+Netflix+FYSEE+Kick+Off+Arrivals+VH1WfxnZEenl.jpg
robertcv-13/10.png;"Anne Winters";https://i.ytimg.com/vi/ltK3xbCho4I/maxresdefault.jpg
robertcv-13/11.png;"Anne Winters";https://usatthebiglead.files.wordpress.com/2018/05/gettyimages-871107214.jpg?w=1000&h=600&crop=1?w=1000&crop=0
robertcv-13/12.png;"Anne Winters";https://scstylecaster.files.wordpress.com/2018/01/anne_winters_1420.jpg?w=683&h=1024
robertcv-13/13.png;"Anne Winters";https://dallasnews.imgix.net/behindthescenes_fatalinstinct.jpg
robertcv-13/14.png;"Anne Winters";https://m.media-amazon.com/images/M/MV5BMzFmOGQ5NmEtZDQ4NS00YTQwLTk3NDAtYTA5NTUyODE3N2Q0XkEyXkFqcGdeQXVyMjQwMDg0Ng@@._V1_SY1000_CR0,0,666,1000_AL_.jpg
robertcv-13/15.png;"Anne Winters";https://i.dailymail.co.uk/i/newpix/2018/04/30/10/4BB15F3200000578-5672543-Magic_moment_Winters_wore_a_shocked_expression_after_her_victory-a-2_1525080563582.jpg
robertcv-13/16.png;"Anne Winters";https://s1.r29static.com//bin/entry/814/720x864,80/1960843/image.jpg
robertcv-13/17.png;"Anne Winters";http://www.theitalianreve.com/wp-content/uploads/2018/05/IMG_8979.jpg
robertcv-13/18.png;"Anne Winters";http://ilarge.lisimg.com/image/16152436/1118full-anne-winters.jpg
robertcv-13/19.png;"Anne Winters";https://i0.wp.com/www.famedstar.com/wp-content/uploads/2018/04/Anne-Winters1-e1525231866627.jpg?resize=700%2C657
robertcv-13/20.png;"Anne Winters";https://static1.squarespace.com/static/5537294de4b05a14c751dc44/555105c6e4b0fe7c38299743/555105e9e4b0831300f9f95f/1431373309757/IMG_8782.jpg?format=1000w
robertcv-13/21.png;"Anne Winters";https://pmchollywoodlife.files.wordpress.com/2018/01/anne-winters-ftr.jpg
robertcv-13/22.png;"Anne Winters";https://assets.mycast.io/actors/10332_normal.jpg?1532900734
robertcv-13/23.png;"Anne Winters";https://media.gettyimages.com/photos/anne-winters-arrives-at-the-max-mara-wif-face-of-the-future-at-on-picture-id973238526?s=612x612
robertcv-13/24.png;"Anne Winters";https://static1.squarespace.com/static/5537294de4b05a14c751dc44/555105c6e4b0fe7c38299743/5551062fe4b0cdb6b6e60134/1431373366208/IMG_8911.jpg?format=1000w
robertcv-13/25.png;"Anne Winters";https://i.redd.it/kqqdt5wo7i0z.jpg
robertcv-13/26.png;"Anne Winters";http://www.jutefashionmagazine.com/wp-content/uploads/2018/09/AnneWinters2.jpg
robertcv-13/27.png;"Anne Winters";https://media1.popsugar-assets.com/files/thumbor/ZNzN5veTz3hxbbbx8VfcjZSRuJk/fit-in/2048xorig/filters:format_auto-!!-:strip_icc-!!-/2018/03/21/743/n/1922283/tmp_d54ioQ_17f9324aaa5359ec_TCDTYRA_EC012.jpg
robertcv-13/28.png;"Anne Winters";https://i.ytimg.com/vi/SotppinixGo/maxresdefault.jpg
robertcv-13/29.png;"Anne Winters";https://live-imagecollect.s3.amazonaws.com/preview/560/ecd4dd4406888fa
robertcv-13/30.png;"Anne Winters";https://st3.depositphotos.com/1694341/19405/i/1600/depositphotos_194058504-stock-photo-los-angeles-apr-anne-winters.jpg
robertcv-14/01.png;"Winona Ryder";https://m.media-amazon.com/images/M/MV5BMTQ3NzM3MTc2NF5BMl5BanBnXkFtZTcwODMxNjA0NA@@._V1_.jpg
robertcv-14/02.png;"Winona Ryder";https://m.media-amazon.com/images/M/MV5BMTQ3NzM3MTc2NF5BMl5BanBnXkFtZTcwODMxNjA0NA@@._V1_.jpg
robertcv-14/03.png;"Winona Ryder";https://www.biography.com/.image/t_share/MTE5NTU2MzE2MzY0MTEzNDE5/winona-ryder-9468380-1-402.jpg
robertcv-14/04.png;"Winona Ryder";https://www.biography.com/.image/t_share/MTE5NTU2MzE2MzY0MTEzNDE5/winona-ryder-9468380-1-402.jpg
robertcv-14/05.png;"Winona Ryder";https://i2.wp.com/www.filminquiry.com/wp-content/uploads/2018/06/winona-ryder-lead.jpg?fit=1050%2C700&ssl=1
robertcv-14/06.png;"Winona Ryder";https://vg-images.condecdn.net/image/o6bDvn0olKl/crop/405/f/winona-ryder-2015-vogue-8dec15-rex_b.jpg
robertcv-14/07.png;"Winona Ryder";https://media.allure.com/photos/5a53d3bb84e51330d753255c/3:4/w_767/GettyImages-866914674.jpg
robertcv-14/08.png;"Winona Ryder";https://media.allure.com/photos/5a53d3bb84e51330d753255c/3:4/w_767/GettyImages-866914674.jpg
robertcv-14/09.png;"Winona Ryder";https://vignette.wikia.nocookie.net/strangerthings8338/images/d/df/Winona_Ryder_%40_Golden_Globes.png/revision/latest?cb=20170411154151
robertcv-14/10.png;"Winona Ryder";http://logoonline.mtvnimages.com/uri/mgid:ao:image:logotv.com:256374?quality=0.8&format=jpg&width=980&height=551
robertcv-14/11.png;"Winona Ryder";http://logoonline.mtvnimages.com/uri/mgid:ao:image:logotv.com:256374?quality=0.8&format=jpg&width=980&height=551
robertcv-14/12.png;"Winona Ryder";https://secure.i.telegraph.co.uk/multimedia/archive/02837/Winona-Ryder_2837819b.jpg
robertcv-14/13.png;"Winona Ryder";https://imagesvc.timeincapp.com/v3/mm/image?url=https%3A%2F%2Fimages.hellogiggles.com%2Fuploads%2F2018%2F01%2F08032147%2Fwinona.jpg&w=700&q=85
robertcv-14/14.png;"Winona Ryder";https://media.vanityfair.com/photos/5788f3b9814b54392dde94d8/master/w_768,c_limit/Winona-Ryder-Hepburn-clothes.jpg
robertcv-14/15.png;"Winona Ryder";https://upload.wikimedia.org/wikipedia/commons/thumb/3/3f/Winona_Ryder_%28cropped%29.jpg/170px-Winona_Ryder_%28cropped%29.jpg
robertcv-14/16.png;"Winona Ryder";https://encrypted-tbn0.gstatic.com/images?q=tbn:ANd9GcR3ajxAiqxy_2t2EySvJl7fUCArellQekRq-j2a3ttRiBide0Et
robertcv-14/17.png;"Winona Ryder";https://m.media-amazon.com/images/M/MV5BMWFlMDgxNzUtZWFjOS00ODA1LWFjMTQtMjIxNTQ5OWMzMmQyXkEyXkFqcGdeQXVyNjUwNzk3NDc@._V1_.jpg
robertcv-14/18.png;"Winona Ryder";https://m.media-amazon.com/images/M/MV5BOGQ5ZTg5YmQtYjk5YS00NWFjLTkwOWItN2YwZTFiM2E2Y2IyXkEyXkFqcGdeQXVyNjUwNzk3NDc@._V1_.jpg
robertcv-14/19.png;"Winona Ryder";https://m.media-amazon.com/images/M/MV5BYjkyYmU1MmQtNjk3Ni00ZDUyLThjZDYtMTcxNmZlYTFmZmRjXkEyXkFqcGdeQXVyNjUwNzk3NDc@._V1_.jpg
robertcv-14/20.png;"Winona Ryder";https://m.media-amazon.com/images/M/MV5BMGM5MzhhNGUtZTRlOC00OWMzLWI1ZDItNzFkMGY1ZTY5MDRhXkEyXkFqcGdeQXVyNjUxMjc1OTM@._V1_SX1777_CR0,0,1777,961_AL_.jpg
robertcv-14/21.png;"Winona Ryder";https://m.media-amazon.com/images/M/MV5BMjU3MmEzYjgtYmJjMS00NGUyLTgzYWYtOGNiMGE0M2ZiNTllXkEyXkFqcGdeQXVyNjUxMjc1OTM@._V1_SX1777_CR0,0,1777,962_AL_.jpg
robertcv-14/22.png;"Winona Ryder";https://m.media-amazon.com/images/M/MV5BNzhiMmM4ODctOWFjNy00YjMxLWJkMzMtMjFlODQ2OGQ1Mjk1XkEyXkFqcGdeQXVyNjUwNzk3NDc@._V1_SY1000_CR0,0,1487,1000_AL_.jpg
robertcv-14/23.png;"Winona Ryder";https://m.media-amazon.com/images/M/MV5BY2FkN2I1ODEtMTI0OC00ODI0LTlhMzMtOTM0NTdjNjMwMmJlXkEyXkFqcGdeQXVyNjUwNzk3NDc@._V1_.jpg
robertcv-14/24.png;"Winona Ryder";https://m.media-amazon.com/images/M/MV5BY2FkN2I1ODEtMTI0OC00ODI0LTlhMzMtOTM0NTdjNjMwMmJlXkEyXkFqcGdeQXVyNjUwNzk3NDc@._V1_.jpg
robertcv-14/25.png;"Winona Ryder";https://m.media-amazon.com/images/M/MV5BYTY4OWY3OGItNzgxNC00YTViLWE2MTMtM2YxNDMzNmUzZjQ0XkEyXkFqcGdeQXVyNjUwNzk3NDc@._V1_.jpg
robertcv-14/26.png;"Winona Ryder";https://m.media-amazon.com/images/M/MV5BZTJjNGM3OTgtMmU5OS00ZDc1LThiODEtM2E4MDY0OWE1OGYwXkEyXkFqcGdeQXVyNjUwNzk3NDc@._V1_.jpg
robertcv-14/27.png;"Winona Ryder";https://m.media-amazon.com/images/M/MV5BNTcyZjUyMmMtMzhhNS00OWE1LTgwNGItY2JjNTIwYTU1OWUxXkEyXkFqcGdeQXVyNTM3MDMyMDQ@._V1_.jpg
robertcv-14/28.png;"Winona Ryder";https://m.media-amazon.com/images/M/MV5BMDc4Y2E0YjktMDNlOS00MTI5LTk3YWYtZmY3ZGU5MmM0Njc5XkEyXkFqcGdeQXVyMjUyNDk2ODc@._V1_SY1000_CR0,0,1273,1000_AL_.jpg
robertcv-14/29.png;"Winona Ryder";https://m.media-amazon.com/images/M/MV5BNjE0OTY1Y2UtYWJmMS00NjZkLTk2ZDAtOGI0NDdiYmYzY2I0XkEyXkFqcGdeQXVyMjUyNDk2ODc@._V1_SY1000_CR0,0,1273,1000_AL_.jpg
robertcv-14/30.png;"Winona Ryder";https://m.media-amazon.com/images/M/MV5BNmYwM2E0OGMtYmFkZi00MTRjLWFmZGItOGYyNWZjNTYwMGU2XkEyXkFqcGdeQXVyMjUyNDk2ODc@._V1_.jpg
robertcv-15/01.png;"Natalia Dyer";https://m.media-amazon.com/images/M/MV5BMjM4MDMyMjA0N15BMl5BanBnXkFtZTgwMTk4MzcyNDM@._V1_SX1777_CR0,0,1777,826_AL_.jpg
robertcv-15/02.png;"Natalia Dyer";https://m.media-amazon.com/images/M/MV5BMzg4NDk2MDU3OV5BMl5BanBnXkFtZTgwOTc4MzcyNDM@._V1_SX1777_CR0,0,1777,826_AL_.jpg
robertcv-15/03.png;"Natalia Dyer";https://m.media-amazon.com/images/M/MV5BOTczM2ZhZmUtZjkzNC00Mzg2LTlmNTMtZjgzNDVkZGY3YjEzXkEyXkFqcGdeQXVyNjUxMjc1OTM@._V1_SX1777_CR0,0,1777,886_AL_.jpg
robertcv-15/04.png;"Natalia Dyer";https://m.media-amazon.com/images/M/MV5BZWI4N2IwYWEtMGZkZC00NmE1LWI1YzgtOWZmYjY3MjkyODFjXkEyXkFqcGdeQXVyNjUxMjc1OTM@._V1_SX1777_CR0,0,1777,881_AL_.jpg
robertcv-15/05.png;"Natalia Dyer";https://m.media-amazon.com/images/M/MV5BMTUzODQ0Njc0Nl5BMl5BanBnXkFtZTgwNDQwNzQwNDI@._V1_SX1777_CR0,0,1777,826_AL_.jpg
robertcv-15/06.png;"Natalia Dyer";https://m.media-amazon.com/images/M/MV5BMmUwZDcyNjAtNGRkYS00OWNhLWFhMmEtMmJjZjliY2QyN2M0XkEyXkFqcGdeQXVyNjUxMjc1OTM@._V1_SX1777_CR0,0,1777,888_AL_.jpg
robertcv-15/07.png;"Natalia Dyer";https://m.media-amazon.com/images/M/MV5BN2U3MTI0ZGYtNjk4My00NTQ4LWE1N2UtNGM0MDkwOWIwMGI1XkEyXkFqcGdeQXVyNjUxMjc1OTM@._V1_SX1777_CR0,0,1777,888_AL_.jpg
robertcv-15/08.png;"Natalia Dyer";https://m.media-amazon.com/images/M/MV5BMTEzNzk3MDY5MDdeQTJeQWpwZ15BbWU4MDg4NDgxNDkx._V1_SX1777_CR0,0,1777,998_AL_.jpg
robertcv-15/09.png;"Natalia Dyer";https://m.media-amazon.com/images/M/MV5BMTc1MTgzNjg3M15BMl5BanBnXkFtZTgwNTY0ODE0OTE@._V1_SX1777_CR0,0,1777,888_AL_.jpg
robertcv-15/10.png;"Natalia Dyer";https://m.media-amazon.com/images/M/MV5BMjU1MjI5NDM3MF5BMl5BanBnXkFtZTgwMDY0ODE0OTE@._V1_SX1777_CR0,0,1777,888_AL_.jpg
robertcv-15/11.png;"Natalia Dyer";https://m.media-amazon.com/images/M/MV5BMjEwMDg4NjM2OV5BMl5BanBnXkFtZTgwMzcwNjAwNjE@._V1_SX1777_CR0,0,1777,999_AL_.jpg
robertcv-15/12.png;"Natalia Dyer";https://m.media-amazon.com/images/M/MV5BMTQ2Njg1NTEwOV5BMl5BanBnXkFtZTgwMDcwNjAwNjE@._V1_SX1500_CR0,0,1500,999_AL_.jpg
robertcv-15/13.png;"Natalia Dyer";https://m.media-amazon.com/images/M/MV5BMTQ0Mjk1NDM3OF5BMl5BanBnXkFtZTgwNTYwNjAwNjE@._V1_SX1777_CR0,0,1777,999_AL_.jpg
robertcv-15/14.png;"Natalia Dyer";https://m.media-amazon.com/images/M/MV5BMTQ0Mjk1NDM3OF5BMl5BanBnXkFtZTgwNTYwNjAwNjE@._V1_SX1777_CR0,0,1777,999_AL_.jpg
robertcv-15/15.png;"Natalia Dyer";https://m.media-amazon.com/images/M/MV5BMTcyMjc5NDg2Nl5BMl5BanBnXkFtZTgwODYwNjAwNjE@._V1_SX1500_CR0,0,1500,999_AL_.jpg
robertcv-15/16.png;"Natalia Dyer";https://m.media-amazon.com/images/M/MV5BMTg0OTY0NDM2OV5BMl5BanBnXkFtZTgwMzEwMTgxNDM@._V1_SX1500_CR0,0,1500,999_AL_.jpg
robertcv-15/17.png;"Natalia Dyer";https://m.media-amazon.com/images/M/MV5BMjAxNTI0OTcyM15BMl5BanBnXkFtZTgwMzU0NTUzNjM@._V1_SY1000_CR0,0,666,1000_AL_.jpg
robertcv-15/18.png;"Natalia Dyer";https://m.media-amazon.com/images/M/MV5BMTkxODg1OTAwNF5BMl5BanBnXkFtZTgwNjMwNTM2NDM@._V1_SX1500_CR0,0,1500,999_AL_.jpg
robertcv-15/19.png;"Natalia Dyer";https://m.media-amazon.com/images/M/MV5BNzI5OTg4NTA3M15BMl5BanBnXkFtZTgwMjEwNTM2NDM@._V1_SY1000_CR0,0,666,1000_AL_.jpg
robertcv-15/20.png;"Natalia Dyer";https://m.media-amazon.com/images/M/MV5BNTk2ODg4MjUyN15BMl5BanBnXkFtZTgwMDQwMDM2NDM@._V1_SY1000_CR0,0,666,1000_AL_.jpg
robertcv-15/21.png;"Natalia Dyer";https://m.media-amazon.com/images/M/MV5BNTk2ODg4MjUyN15BMl5BanBnXkFtZTgwMDQwMDM2NDM@._V1_SY1000_CR0,0,666,1000_AL_.jpg
robertcv-15/22.png;"Natalia Dyer";https://m.media-amazon.com/images/M/MV5BMjI4MjQwNTQyMV5BMl5BanBnXkFtZTgwODQ3OTI2NDM@._V1_SY1000_CR0,0,1499,1000_AL_.jpg
robertcv-15/23.png;"Natalia Dyer";https://m.media-amazon.com/images/M/MV5BMjI5NTU4NTkzNV5BMl5BanBnXkFtZTgwMjU3OTI2NDM@._V1_SY1000_CR0,0,744,1000_AL_.jpg
robertcv-15/24.png;"Natalia Dyer";https://m.media-amazon.com/images/M/MV5BMjAxMzQxNjc3OF5BMl5BanBnXkFtZTgwMjAzODU1NDM@._V1_SX1500_CR0,0,1500,999_AL_.jpg
robertcv-15/25.png;"Natalia Dyer";https://m.media-amazon.com/images/M/MV5BMTU2OTY5OTk3Ml5BMl5BanBnXkFtZTgwMjYyODU1NDM@._V1_SY1000_CR0,0,665,1000_AL_.jpg
robertcv-15/26.png;"Natalia Dyer";https://m.media-amazon.com/images/M/MV5BMjEzNTAwMTU1OF5BMl5BanBnXkFtZTgwOTQ1OTI1NDM@._V1_SY1000_CR0,0,665,1000_AL_.jpg
robertcv-15/27.png;"Natalia Dyer";https://m.media-amazon.com/images/M/MV5BODM4NDUwNTg4MV5BMl5BanBnXkFtZTgwNTA3MzQwNDI@._V1_SY1000_CR0,0,666,1000_AL_.jpg
robertcv-15/28.png;"Natalia Dyer";https://m.media-amazon.com/images/M/MV5BMTU5OTI2MzYwOV5BMl5BanBnXkFtZTgwMDE3MzQwNDI@._V1_SY1000_CR0,0,664,1000_AL_.jpg
robertcv-15/29.png;"Natalia Dyer";https://m.media-amazon.com/images/M/MV5BMjQ0MTQxNzEzNl5BMl5BanBnXkFtZTgwMDQ0NTg5MjI@._V1_SX1500_CR0,0,1500,999_AL_.jpg
robertcv-15/30.png;"Natalia Dyer";https://m.media-amazon.com/images/M/MV5BODU0MTI2MTk1MV5BMl5BanBnXkFtZTgwMjI0MjkyMTI@._V1_SY1000_CR0,0,666,1000_AL_.jpg
robertcv-16/01.png;"Alexa Davalos";https://m.media-amazon.com/images/M/MV5BMTgyNDU3MzE3N15BMl5BanBnXkFtZTgwNDQ3MDY0NjM@._V1_SY1000_CR0,0,1497,1000_AL_.jpg
robertcv-16/02.png;"Alexa Davalos";https://m.media-amazon.com/images/M/MV5BMTg3OTY2NTU2Nl5BMl5BanBnXkFtZTgwMzU5ODU0NjM@._V1_SY1000_CR0,0,1498,1000_AL_.jpg
robertcv-16/03.png;"Alexa Davalos";https://m.media-amazon.com/images/M/MV5BMTc2NzcyMDc4NV5BMl5BanBnXkFtZTgwODU5ODU0NjM@._V1_SY1000_CR0,0,1445,1000_AL_.jpg
robertcv-16/04.png;"Alexa Davalos";https://m.media-amazon.com/images/M/MV5BMTkwNjQyNTc1N15BMl5BanBnXkFtZTgwOTU5ODU0NjM@._V1_SX1500_CR0,0,1500,999_AL_.jpg
robertcv-16/05.png;"Alexa Davalos";https://m.media-amazon.com/images/M/MV5BMTU3MjA5NDUxOV5BMl5BanBnXkFtZTgwMzY5ODU0NjM@._V1_SY1000_CR0,0,1498,1000_AL_.jpg
robertcv-16/06.png;"Alexa Davalos";https://m.media-amazon.com/images/M/MV5BN2U1Y2M1ZTctMjJmMi00OTQyLWE4YjEtYmQ3NzllYzBhZGVmXkEyXkFqcGdeQXVyNjkwNzEwMzU@._V1_SY1000_CR0,0,1333,1000_AL_.jpg
robertcv-16/07.png;"Alexa Davalos";https://m.media-amazon.com/images/M/MV5BMmQ1YzY2Y2MtMWIxOC00YmIyLTlhNDUtM2Q1ZmJhZmM4ODA0XkEyXkFqcGdeQXVyNjkwNzEwMzU@._V1_SY1000_CR0,0,1333,1000_AL_.jpg
robertcv-16/08.png;"Alexa Davalos";https://m.media-amazon.com/images/M/MV5BNWI2MzMxYTItNzcyMi00Zjg5LThjNzQtNTEyN2E3OTk4NjA2L2ltYWdlXkEyXkFqcGdeQXVyNTM3MDMyMDQ@._V1_.jpg
robertcv-16/09.png;"Alexa Davalos";https://m.media-amazon.com/images/M/MV5BMTEzMzczMDMwODJeQTJeQWpwZ15BbWU4MDg3ODY1ODAy._V1_SY1000_CR0,0,1497,1000_AL_.jpg
robertcv-16/10.png;"Alexa Davalos";https://m.media-amazon.com/images/M/MV5BNjJiYTdiN2ItM2QwNS00MGM5LWJjNmYtNzA2YmUwNTFhNGEyXkEyXkFqcGdeQXVyNTIzOTk5ODM@._V1_.jpg
robertcv-16/11.png;"Alexa Davalos";https://m.media-amazon.com/images/M/MV5BMTEyNDIzMjU0NjBeQTJeQWpwZ15BbWU4MDI5ODgwMzcx._V1_.jpg
robertcv-16/12.png;"Alexa Davalos";https://m.media-amazon.com/images/M/MV5BMjI2MTkzMTE3Ml5BMl5BanBnXkFtZTgwMTk4ODAzNzE@._V1_.jpg
robertcv-16/13.png;"Alexa Davalos";https://m.media-amazon.com/images/M/MV5BODU2MTI1MzM1MF5BMl5BanBnXkFtZTgwNzI3ODAzNzE@._V1_.jpg
robertcv-16/14.png;"Alexa Davalos";https://m.media-amazon.com/images/M/MV5BMTQ0ODg2NzE5NF5BMl5BanBnXkFtZTgwOTMwNTMyNzE@._V1_.jpg
robertcv-16/15.png;"Alexa Davalos";https://m.media-amazon.com/images/M/MV5BMjQ0NTQxNjM1NF5BMl5BanBnXkFtZTgwODc4MTMxNzE@._V1_SY1000_CR0,0,1444,1000_AL_.jpg
robertcv-16/16.png;"Alexa Davalos";https://m.media-amazon.com/images/M/MV5BMTQ2Mzc2MzcyMV5BMl5BanBnXkFtZTgwNjc4MTMxNzE@._V1_SY1000_CR0,0,1444,1000_AL_.jpg
robertcv-16/17.png;"Alexa Davalos";https://m.media-amazon.com/images/M/MV5BNTEzMjQ4MzY2M15BMl5BanBnXkFtZTgwODQ4MTMxNzE@._V1_SY1000_CR0,0,1444,1000_AL_.jpg
robertcv-16/18.png;"Alexa Davalos";https://m.media-amazon.com/images/M/MV5BMjE2NDgzNjUwMF5BMl5BanBnXkFtZTgwNTI4MTMxNzE@._V1_SY1000_CR0,0,1444,1000_AL_.jpg
robertcv-16/19.png;"Alexa Davalos";https://m.media-amazon.com/images/M/MV5BMjEzNzE5NjIwNV5BMl5BanBnXkFtZTgwOTYxNDk0NDE@._V1_SY1000_CR0,0,1499,1000_AL_.jpg
robertcv-16/20.png;"Alexa Davalos";https://m.media-amazon.com/images/M/MV5BMjA0MzM2MDg2Nl5BMl5BanBnXkFtZTgwNTkyNDg3MjE@._V1_.jpg
robertcv-16/21.png;"Alexa Davalos";https://m.media-amazon.com/images/M/MV5BMTYxNTI4MTYzMF5BMl5BanBnXkFtZTgwOTYxMzg3MjE@._V1_.jpg
robertcv-16/22.png;"Alexa Davalos";https://m.media-amazon.com/images/M/MV5BMTA0MjMxMTk3OTReQTJeQWpwZ15BbWU4MDgyMzA4NzIx._V1_.jpg
robertcv-16/23.png;"Alexa Davalos";https://m.media-amazon.com/images/M/MV5BNTA3MjMwNzU1NF5BMl5BanBnXkFtZTgwMzI1NzM3MDE@._V1_SX1500_CR0,0,1500,999_AL_.jpg
robertcv-16/24.png;"Alexa Davalos";https://m.media-amazon.com/images/M/MV5BMTMxOTQ5NTExOV5BMl5BanBnXkFtZTcwMDY1ODAzMw@@._V1_SY1000_CR0,0,1501,1000_AL_.jpg
robertcv-16/25.png;"Alexa Davalos";https://m.media-amazon.com/images/M/MV5BMjEyNjY2MTA0OV5BMl5BanBnXkFtZTcwMjQxNzYyMw@@._V1_SY1000_CR0,0,1503,1000_AL_.jpg
robertcv-16/26.png;"Alexa Davalos";https://m.media-amazon.com/images/M/MV5BNTA3MTQ1ODcyOV5BMl5BanBnXkFtZTcwNjQxNzYyMw@@._V1_SX1777_CR0,0,1777,725_AL_.jpg
robertcv-16/27.png;"Alexa Davalos";https://m.media-amazon.com/images/M/MV5BMTgyNTUyNjQwMl5BMl5BanBnXkFtZTcwNjUxNzYyMw@@._V1_SX1777_CR0,0,1777,822_AL_.jpg
robertcv-16/28.png;"Alexa Davalos";https://m.media-amazon.com/images/M/MV5BMTcwNzQ3NzE0M15BMl5BanBnXkFtZTcwOTAxNDU4MQ@@._V1_.jpg
robertcv-16/29.png;"Alexa Davalos";https://m.media-amazon.com/images/M/MV5BMTQwMjU2ODUyNV5BMl5BanBnXkFtZTYwNTU1MTg3._V1_.jpg
robertcv-16/30.png;"Alexa Davalos";https://m.media-amazon.com/images/M/MV5BMjI5NDMyOTAwMF5BMl5BanBnXkFtZTgwMjQyNDY5NTM@._V1_SX1500_CR0,0,1500,999_AL_.jpg
robertcv-17/01.png;"Chelah Horsdal";https://m.media-amazon.com/images/M/MV5BMjI2MTA4MDQ2OV5BMl5BanBnXkFtZTgwMDY5ODU0NjM@._V1_SY1000_CR0,0,1445,1000_AL_.jpg
robertcv-17/02.png;"Chelah Horsdal";https://m.media-amazon.com/images/M/MV5BZjM3MWE5YzQtMGZlMS00NDA5LWFmMWYtNzJkOWY2MjExZDk5L2ltYWdlXkEyXkFqcGdeQXVyNTM3MDMyMDQ@._V1_.jpg
robertcv-17/03.png;"Chelah Horsdal";https://m.media-amazon.com/images/M/MV5BNDk3NzY1ODQwNF5BMl5BanBnXkFtZTgwMDM5NjU4MDI@._V1_SY1000_CR0,0,1497,1000_AL_.jpg
robertcv-17/04.png;"Chelah Horsdal";https://m.media-amazon.com/images/M/MV5BNDk3NzY1ODQwNF5BMl5BanBnXkFtZTgwMDM5NjU4MDI@._V1_SY1000_CR0,0,1497,1000_AL_.jpg
robertcv-17/05.png;"Chelah Horsdal";https://m.media-amazon.com/images/M/MV5BOTE1NjcyOTE1Nl5BMl5BanBnXkFtZTgwMjkzNDE4NjE@._V1_SX1777_CR0,0,1777,749_AL_.jpg
robertcv-17/06.png;"Chelah Horsdal";https://m.media-amazon.com/images/M/MV5BMTQ0MDQ0NzYzNl5BMl5BanBnXkFtZTgwNjEzMTAwMDE@._V1_SY1000_CR0,0,667,1000_AL_.jpg
robertcv-17/07.png;"Chelah Horsdal";https://m.media-amazon.com/images/M/MV5BMTM3NDIxMTgyNl5BMl5BanBnXkFtZTcwODI5NjQzNA@@._V1_.jpg
robertcv-17/08.png;"Chelah Horsdal";https://m.media-amazon.com/images/M/MV5BMjE3Mzg4NjI3MV5BMl5BanBnXkFtZTcwMzMyNjkxNA@@._V1_.jpg
robertcv-17/09.png;"Chelah Horsdal";https://m.media-amazon.com/images/M/MV5BOTUzMTYyMzU4NV5BMl5BanBnXkFtZTcwNTMyNjkxNA@@._V1_SY1000_CR0,0,1400,1000_AL_.jpg
robertcv-17/10.png;"Chelah Horsdal";https://m.media-amazon.com/images/M/MV5BOTUzMTYyMzU4NV5BMl5BanBnXkFtZTcwNTMyNjkxNA@@._V1_SY1000_CR0,0,1400,1000_AL_.jpg
robertcv-17/11.png;"Chelah Horsdal";https://m.media-amazon.com/images/M/MV5BMTQyMTI4ODg1NV5BMl5BanBnXkFtZTgwODE4MTg1MjE@._V1_.jpg
robertcv-17/12.png;"Chelah Horsdal";https://m.media-amazon.com/images/M/MV5BMTg1ODc1MTU5M15BMl5BanBnXkFtZTcwOTM5MjU1OA@@._V1_SX1777_CR0,0,1777,973_AL_.jpg
robertcv-17/13.png;"Chelah Horsdal";https://m.media-amazon.com/images/M/MV5BMjMwNDg3Njg4N15BMl5BanBnXkFtZTcwNDM5MjU1OA@@._V1_SY1000_SX1500_AL_.jpg
robertcv-17/14.png;"Chelah Horsdal";https://m.media-amazon.com/images/M/MV5BMjMwNDg3Njg4N15BMl5BanBnXkFtZTcwNDM5MjU1OA@@._V1_SY1000_SX1500_AL_.jpg
robertcv-17/15.png;"Chelah Horsdal";https://m.media-amazon.com/images/M/MV5BODEwODc0NTMxMl5BMl5BanBnXkFtZTcwMTQ4MjU1OA@@._V1_SY1000_CR0,0,665,1000_AL_.jpg
robertcv-17/16.png;"Chelah Horsdal";https://m.media-amazon.com/images/M/MV5BMTMzMzkwODQ5OV5BMl5BanBnXkFtZTcwMjI3OTc3Mw@@._V1_SY1000_CR0,0,669,1000_AL_.jpg
robertcv-17/17.png;"Chelah Horsdal";https://m.media-amazon.com/images/M/MV5BMTMzMzkwODQ5OV5BMl5BanBnXkFtZTcwMjI3OTc3Mw@@._V1_SY1000_CR0,0,669,1000_AL_.jpg
robertcv-17/18.png;"Chelah Horsdal";https://m.media-amazon.com/images/M/MV5BMjAzODIwMjM1N15BMl5BanBnXkFtZTYwOTA3NTk2._V1_.jpg
robertcv-17/19.png;"Chelah Horsdal";https://m.media-amazon.com/images/M/MV5BMjE5NzA5NDI5NF5BMl5BanBnXkFtZTgwOTQxNDE0MDI@._V1_.jpg
robertcv-17/20.png;"Chelah Horsdal";https://m.media-amazon.com/images/M/MV5BMTU5ODA1NzI4Nl5BMl5BanBnXkFtZTgwNzAyOTY0MDE@._V1_SY1000_CR0,0,661,1000_AL_.jpg
robertcv-17/21.png;"Chelah Horsdal";https://m.media-amazon.com/images/M/MV5BMTU5ODA1NzI4Nl5BMl5BanBnXkFtZTgwNzAyOTY0MDE@._V1_SY1000_CR0,0,661,1000_AL_.jpg
robertcv-17/22.png;"Chelah Horsdal";https://i.ytimg.com/vi/Qp6kWPMpGVk/maxresdefault.jpg
robertcv-17/23.png;"Chelah Horsdal";https://images.amcnetworks.com/blogs.amctv.com/wp-content/uploads/2014/11/HOWS4_Maggie-560.jpg
robertcv-17/24.png;"Chelah Horsdal";https://images.amcnetworks.com/amc.com/wp-content/uploads/2015/04/HOW_411_QA_Chelah_L.jpg
robertcv-17/25.png;"Chelah Horsdal";https://moviecomicswhoswho.files.wordpress.com/2012/11/kate-spencer.png
robertcv-17/26.png;"Chelah Horsdal";https://c8.alamy.com/comp/HCHPN3/los-angeles-ca-usa-8th-dec-2016-chelah-horsdal-premiere-of-amazons-HCHPN3.jpg
robertcv-17/27.png;"Chelah Horsdal";https://postmediaprovince2.files.wordpress.com/2015/06/chelah-valdy.jpg?w=840&h=630&crop=1&quality=80&strip=all
robertcv-17/28.png;"Chelah Horsdal";https://66.media.tumblr.com/1cd1891419295850e56b47348baf36ea/tumblr_p3bk3thrAU1wzk10ho2_500.jpg
robertcv-17/29.png;"Chelah Horsdal";https://66.media.tumblr.com/79273f4b518f21a9988a68884cf87add/tumblr_p3znl56vbj1wzk10ho1_500.jpg
robertcv-17/30.png;"Chelah Horsdal";https://66.media.tumblr.com/79273f4b518f21a9988a68884cf87add/tumblr_p3znl56vbj1wzk10ho1_500.jpg
robertcv-18/01.png;"Bella Heathcote";https://m.media-amazon.com/images/M/MV5BMTgxMTMwOTAzNF5BMl5BanBnXkFtZTgwNDU3MDY0NjM@._V1_SY1000_CR0,0,1498,1000_AL_.jpg
robertcv-18/02.png;"Bella Heathcote";https://m.media-amazon.com/images/M/MV5BMTg0NzQ4MjU5MV5BMl5BanBnXkFtZTgwNDU5ODU0NjM@._V1_SY1000_CR0,0,1445,1000_AL_.jpg
robertcv-18/03.png;"Bella Heathcote";https://m.media-amazon.com/images/M/MV5BMzljYWFmMjctNDkyYi00OTRiLTk5ZTAtZTRiZjk5YzJiNzNlXkEyXkFqcGdeQXVyNjUwNzk3NDc@._V1_SX1777_CR0,0,1777,741_AL_.jpg
robertcv-18/04.png;"Bella Heathcote";https://m.media-amazon.com/images/M/MV5BNTYxNjI5ZmEtNGRlOS00MjY5LTk3MDEtNTVjNDRkM2EzNGY1XkEyXkFqcGdeQXVyNDg2MjUxNjM@._V1_SY1000_SX1500_AL_.jpg
robertcv-18/05.png;"Bella Heathcote";https://m.media-amazon.com/images/M/MV5BMjk0ZDgwZDItNWVkZS00YThhLTkyMTAtOWZlMDBhMGM5NDZhXkEyXkFqcGdeQXVyNDg2MjUxNjM@._V1_SY1000_SX1500_AL_.jpg
robertcv-18/06.png;"Bella Heathcote";https://m.media-amazon.com/images/M/MV5BMTFkNWE2M2ItNzgzMS00MDUwLWFjMzctNjk5OWQ1NzA3M2E0XkEyXkFqcGdeQXVyNDg2MjUxNjM@._V1_SY1000_SX1500_AL_.jpg
robertcv-18/07.png;"Bella Heathcote";https://m.media-amazon.com/images/M/MV5BOTczY2FhM2UtNTA2ZS00ZWNiLWFmODYtZmE2YjIwMzRlZmI0XkEyXkFqcGdeQXVyNDg2MjUxNjM@._V1_SY1000_SX1500_AL_.jpg
robertcv-18/08.png;"Bella Heathcote";https://m.media-amazon.com/images/M/MV5BZTNkM2JlYmYtMzI3Mi00NmJiLTg1OTYtZTU2NDI0ZmQ1MWFlXkEyXkFqcGdeQXVyNDg2MjUxNjM@._V1_SY1000_SX1500_AL_.jpg
robertcv-18/09.png;"Bella Heathcote";https://m.media-amazon.com/images/M/MV5BOTdhM2E3ZDAtNzExNC00MzljLTlhNGYtZjZhZjI1ZDRmY2YyXkEyXkFqcGdeQXVyNDg2MjUxNjM@._V1_SX1500_CR0,0,1500,999_AL_.jpg
robertcv-18/10.png;"Bella Heathcote";https://m.media-amazon.com/images/M/MV5BZTRlZDRmNmMtMDQzZC00MjVmLTgzY2MtNWQ0MmYyZDVhZTAxXkEyXkFqcGdeQXVyNDg2MjUxNjM@._V1_SY1000_SX1500_AL_.jpg
robertcv-18/11.png;"Bella Heathcote";https://m.media-amazon.com/images/M/MV5BZDA3ZTgyMzMtYjRjMy00OGE1LThiMzItNjUzYjZhMjMxMmM1XkEyXkFqcGdeQXVyNjUwNzk3NDc@._V1_.jpg
robertcv-18/12.png;"Bella Heathcote";https://m.media-amazon.com/images/M/MV5BMDMzYzc4ZjgtZDNmNy00MmViLWI3OGUtNDY4NmViMWFlNzg2XkEyXkFqcGdeQXVyNjUwNzk3NDc@._V1_.jpg
robertcv-18/13.png;"Bella Heathcote";https://m.media-amazon.com/images/M/MV5BMmZhOTNhMjAtNmEwNS00YWI2LTliNGUtN2Y2NTJjMzJlNzczXkEyXkFqcGdeQXVyNDkzNTM2ODg@._V1_.jpg
robertcv-18/14.png;"Bella Heathcote";https://m.media-amazon.com/images/M/MV5BMjUxNGNkMTctZTgwNy00ZTU0LTk0ZWUtNWM2YzMwYTY1YTIwL2ltYWdlXkEyXkFqcGdeQXVyNDQxNjcxNQ@@._V1_.jpg
robertcv-18/15.png;"Bella Heathcote";https://m.media-amazon.com/images/M/MV5BZmY4MTlhYjMtODdmNC00OTBkLThkODgtMTFhYWUzYjIzZDA4L2ltYWdlXkEyXkFqcGdeQXVyNTM3MDMyMDQ@._V1_.jpg
robertcv-18/16.png;"Bella Heathcote";https://m.media-amazon.com/images/M/MV5BMTQ5NTM4NDQ4MF5BMl5BanBnXkFtZTgwODE2OTgxNDE@._V1_SY1000_CR0,0,1502,1000_AL_.jpg
robertcv-18/17.png;"Bella Heathcote";https://m.media-amazon.com/images/M/MV5BOTkyNDU5NDk2NF5BMl5BanBnXkFtZTgwODY5NjM5NzE@._V1_.jpg
robertcv-18/18.png;"Bella Heathcote";https://m.media-amazon.com/images/M/MV5BMTMxOTAyMDUzMF5BMl5BanBnXkFtZTcwNzg4ODQxNA@@._V1_.jpg
robertcv-18/19.png;"Bella Heathcote";https://m.media-amazon.com/images/M/MV5BMTU2NDU3NTEyOV5BMl5BanBnXkFtZTcwMzg4ODQxNA@@._V1_.jpg
robertcv-18/20.png;"Bella Heathcote";https://m.media-amazon.com/images/M/MV5BODUxMjc2MTQ0NF5BMl5BanBnXkFtZTcwMDg4ODQxNA@@._V1_.jpg
robertcv-18/21.png;"Bella Heathcote";https://m.media-amazon.com/images/M/MV5BMTQ2NDA5ODU4MV5BMl5BanBnXkFtZTcwOTc4ODQxNA@@._V1_.jpg
robertcv-18/22.png;"Bella Heathcote";https://m.media-amazon.com/images/M/MV5BMGQ2YWM4NmMtNGUzZS00MGUzLWI4YmYtNTA0ZWI5YTJmZjlhXkEyXkFqcGdeQXVyNDg2MjUxNjM@._V1_SY1000_CR0,0,1498,1000_AL_.jpg
robertcv-18/23.png;"Bella Heathcote";https://m.media-amazon.com/images/M/MV5BMmVmYWI4YWEtNjk5MS00Mzc2LTk3MjQtOWRlZTIzNzM3Y2I1XkEyXkFqcGdeQXVyNjUwNzk3NDc@._V1_.jpg
robertcv-18/24.png;"Bella Heathcote";https://m.media-amazon.com/images/M/MV5BMTcyOTc1MzA5Nl5BMl5BanBnXkFtZTgwMjEzMDEwNDI@._V1_SY1000_CR0,0,1470,1000_AL_.jpg
robertcv-18/25.png;"Bella Heathcote";https://m.media-amazon.com/images/M/MV5BNjAzMDQ0MDMxMF5BMl5BanBnXkFtZTgwOTUyMDEwNDI@._V1_SY1000_CR0,0,665,1000_AL_.jpg
robertcv-18/26.png;"Bella Heathcote";https://m.media-amazon.com/images/M/MV5BMTcyOTQ2OTAyMl5BMl5BanBnXkFtZTgwMjI1NzgxOTE@._V1_SY1000_CR0,0,1340,1000_AL_.jpg
robertcv-18/27.png;"Bella Heathcote";https://m.media-amazon.com/images/M/MV5BMjIyNDI1MTU1NF5BMl5BanBnXkFtZTcwMjg2Mjg3OA@@._V1_SY1000_CR0,0,665,1000_AL_.jpg
robertcv-18/28.png;"Bella Heathcote";https://m.media-amazon.com/images/M/MV5BMjIyMDg5ODg0NF5BMl5BanBnXkFtZTcwMzUzMjg3Nw@@._V1_SY1000_CR0,0,665,1000_AL_.jpg
robertcv-18/29.png;"Bella Heathcote";https://m.media-amazon.com/images/M/MV5BMTU1NDE3MjgwOV5BMl5BanBnXkFtZTcwNTE0Nzc3Nw@@._V1_SY1000_CR0,0,669,1000_AL_.jpg
robertcv-18/30.png;"Bella Heathcote";https://m.media-amazon.com/images/M/MV5BMTQ3MjUyODI0N15BMl5BanBnXkFtZTcwODI3NDUwOA@@._V1_SY1000_CR0,0,691,1000_AL_.jpg
robertcv-19/01.png;"Laura Mennell";https://m.media-amazon.com/images/M/MV5BZGVjZWM5MzAtMzgyNi00YzE1LWJiNDctOTczZWVhZTFlMWYyXkEyXkFqcGdeQXVyNjAwNjU4Mw@@._V1_.jpg
robertcv-19/02.png;"Laura Mennell";https://m.media-amazon.com/images/M/MV5BZDk4YWRkODktNGNiYi00YzBlLTkyODktNDNhYmQ5MWJkOWFhXkEyXkFqcGdeQXVyNjc3NDgwNzU@._V1_.jpg
robertcv-19/03.png;"Laura Mennell";https://m.media-amazon.com/images/M/MV5BMzViMDM0N2QtYjY4Zi00NDE0LWJkY2YtMmMwOWM2Y2YwNjY5XkEyXkFqcGdeQXVyNjUxMjc1OTM@._V1_SX1777_CR0,0,1777,740_AL_.jpg
robertcv-19/04.png;"Laura Mennell";https://m.media-amazon.com/images/M/MV5BMTU0NzQ3ODg3MF5BMl5BanBnXkFtZTgwNjI2NjkzMzE@._V1_.jpg
robertcv-19/05.png;"Laura Mennell";https://m.media-amazon.com/images/M/MV5BMTM5ODE1NzE0M15BMl5BanBnXkFtZTcwMTgwNzA0Ng@@._V1_.jpg
robertcv-19/06.png;"Laura Mennell";https://m.media-amazon.com/images/M/MV5BMTI0NTQ0ODM5MV5BMl5BanBnXkFtZTcwOTI3MzIzMg@@._V1_.jpg
robertcv-19/07.png;"Laura Mennell";https://m.media-amazon.com/images/M/MV5BN2YwZDk2ODAtODdhYy00NzM3LTgzNTQtYzgzZmZhY2E5MDdmXkEyXkFqcGdeQXVyNjAwNjU4Mw@@._V1_.jpg
robertcv-19/08.png;"Laura Mennell";https://m.media-amazon.com/images/M/MV5BNTk2NjRiZDEtNzcxZS00NzMxLTlhMjEtZTBlYjYyNzBmMTg3XkEyXkFqcGdeQXVyNjAwNjU4Mw@@._V1_.jpg
robertcv-19/09.png;"Laura Mennell";https://m.media-amazon.com/images/M/MV5BMjg5ZGI2NGUtYTU1Mi00NGZiLWEyNDUtZmZhMTIxNWRjZDhkXkEyXkFqcGdeQXVyNjAwNjU4Mw@@._V1_.jpg
robertcv-19/10.png;"Laura Mennell";https://m.media-amazon.com/images/M/MV5BMjEwNzJjZDUtMzc1YS00YjFhLThmYTgtZWQ1MTQ2M2YxYzE2XkEyXkFqcGdeQXVyNjAwNjU4Mw@@._V1_SY1000_CR0,0,1046,1000_AL_.jpg
robertcv-19/11.png;"Laura Mennell";https://m.media-amazon.com/images/M/MV5BYmVmN2Q4MmUtZjYwNC00MjYyLTg1YTAtNDE1NmM0YzI1N2JlXkEyXkFqcGdeQXVyNjAwNjU4Mw@@._V1_SY1000_CR0,0,666,1000_AL_.jpg
robertcv-19/12.png;"Laura Mennell";https://m.media-amazon.com/images/M/MV5BOGJiZDVhYWEtN2MxNS00NjM2LWEwMzgtMWEwZWU0ZTkwNjk3XkEyXkFqcGdeQXVyNjAwNjU4Mw@@._V1_SY1000_CR0,0,666,1000_AL_.jpg
robertcv-19/13.png;"Laura Mennell";https://m.media-amazon.com/images/M/MV5BOGJiZDVhYWEtN2MxNS00NjM2LWEwMzgtMWEwZWU0ZTkwNjk3XkEyXkFqcGdeQXVyNjAwNjU4Mw@@._V1_SY1000_CR0,0,666,1000_AL_.jpg
robertcv-19/14.png;"Laura Mennell";https://m.media-amazon.com/images/M/MV5BMjQ3ODg1NTA1OV5BMl5BanBnXkFtZTgwMzIxNTMxMzE@._V1_.jpg
robertcv-19/15.png;"Laura Mennell";https://m.media-amazon.com/images/M/MV5BMjQ3ODg1NTA1OV5BMl5BanBnXkFtZTgwMzIxNTMxMzE@._V1_.jpg
robertcv-19/16.png;"Laura Mennell";https://m.media-amazon.com/images/M/MV5BOTA2MjYyMjE4OF5BMl5BanBnXkFtZTcwOTMxMTMzMg@@._V1_.jpg
robertcv-19/17.png;"Laura Mennell";https://m.media-amazon.com/images/M/MV5BMTQwOTk3MjU4OF5BMl5BanBnXkFtZTcwMTQ5MDM4Nw@@._V1_SY1000_CR0,0,666,1000_AL_.jpg
robertcv-19/18.png;"Laura Mennell";https://m.media-amazon.com/images/M/MV5BNTE0NzEzNDIwNV5BMl5BanBnXkFtZTcwMjA2OTY5NQ@@._V1_SY1000_CR0,0,646,1000_AL_.jpg
robertcv-19/19.png;"Laura Mennell";https://m.media-amazon.com/images/M/MV5BMTk2OTU4NDE0M15BMl5BanBnXkFtZTcwMjU5MDM4Nw@@._V1_SY1000_CR0,0,1333,1000_AL_.jpg
robertcv-19/20.png;"Laura Mennell";https://m.media-amazon.com/images/M/MV5BMjMzNDE2NTY0MV5BMl5BanBnXkFtZTcwNTU5Njc4Nw@@._V1_SY1000_CR0,0,666,1000_AL_.jpg
robertcv-19/21.png;"Laura Mennell";https://m.media-amazon.com/images/M/MV5BMTUyNTE1ODI3NF5BMl5BanBnXkFtZTcwNzMzNjc2OA@@._V1_SY1000_CR0,0,731,1000_AL_.jpg
robertcv-19/22.png;"Laura Mennell";https://m.media-amazon.com/images/M/MV5BMTYxMTMzOTg0NV5BMl5BanBnXkFtZTgwNjU5NDY5NTM@._V1_SX1500_CR0,0,1500,999_AL_.jpg
robertcv-19/23.png;"Laura Mennell";https://m.media-amazon.com/images/M/MV5BMjEzNTEwODM0OV5BMl5BanBnXkFtZTgwMjU5NDY5NTM@._V1_SX1500_CR0,0,1500,999_AL_.jpg
robertcv-19/24.png;"Laura Mennell";https://m.media-amazon.com/images/M/MV5BMTk3MDc1MzI2OV5BMl5BanBnXkFtZTcwNjA2OTIxOA@@._V1_SY1000_CR0,0,664,1000_AL_.jpg
robertcv-19/25.png;"Laura Mennell";https://i2.wp.com/65.media.tumblr.com/bef0f89f05e54bee0bf262def1071d94/tumblr_msd0rdHE4q1swxi6bo1_1280.png
robertcv-19/26.png;"Laura Mennell";https://i.pinimg.com/originals/c8/ea/7f/c8ea7f1b43827144aa55aab12f9932f4.jpg
robertcv-19/27.png;"Laura Mennell";http://iv1.lisimg.com/image/8988799/740full-laura-mennell.jpg
robertcv-19/28.png;"Laura Mennell";https://c1.staticflickr.com/8/7158/6660675547_c9224e5f9e_b.jpg
robertcv-19/29.png;"Laura Mennell";http://www1.pictures.zimbio.com/gi/Laura+Mennell+Summer+2018+TCA+Press+Tour+Day+1eSCMBrXq0kl.jpg
robertcv-19/30.png;"Laura Mennell";https://encrypted-tbn0.gstatic.com/images?q=tbn:ANd9GcT5BER2Y63rRpysbXLD_7GoG3v0XaYaN6pbKu3AXSG8bhE0QNUU
robertcv-20/01.png;"Krysten Ritter";https://m.media-amazon.com/images/M/MV5BMzgwNDY3MDg5OV5BMl5BanBnXkFtZTgwMDgzMDc2MDI@._V1_.jpg
robertcv-20/02.png;"Krysten Ritter";https://m.media-amazon.com/images/M/MV5BMjE2ODU3NjA4Nl5BMl5BanBnXkFtZTgwNjQzNDcxMzI@._V1_SY1000_CR0,0,1499,1000_AL_.jpg
robertcv-20/03.png;"Krysten Ritter";https://m.media-amazon.com/images/M/MV5BMTA5OTQ1OTM3MTVeQTJeQWpwZ15BbWU4MDA2MTc3ODQz._V1_SX1500_CR0,0,1500,999_AL_.jpg
robertcv-20/04.png;"Krysten Ritter";https://m.media-amazon.com/images/M/MV5BNjk4Zjg4ZjUtNmU4OS00ODU3LWFiMDUtNzA0YWEyMTQyNTkzXkEyXkFqcGdeQXVyNjc3NDgwNzU@._V1_.jpg
robertcv-20/05.png;"Krysten Ritter";https://m.media-amazon.com/images/M/MV5BYjc1NzJjNTAtMjRhZC00ZmJkLWJjY2QtNDFmMWUyN2Q5NTMwXkEyXkFqcGdeQXVyNjUxMjc1OTM@._V1_SX1777_CR0,0,1777,946_AL_.jpg
robertcv-20/06.png;"Krysten Ritter";https://m.media-amazon.com/images/M/MV5BNDcxMDQzOTEtOTk0OS00ZDVmLTk2NTUtZWRlOTEzMDk5MjA3XkEyXkFqcGdeQXVyNjUxMjc1OTM@._V1_SX1777_CR0,0,1777,950_AL_.jpg
robertcv-20/07.png;"Krysten Ritter";https://m.media-amazon.com/images/M/MV5BNDEyYWYwN2MtZWI2YS00MDRhLWI5ODYtOTkyYWJmNDExMWU2XkEyXkFqcGdeQXVyNjUxMjc1OTM@._V1_SX1777_CR0,0,1777,693_AL_.jpg
robertcv-20/08.png;"Krysten Ritter";https://m.media-amazon.com/images/M/MV5BNTk5NTk3ODAxOV5BMl5BanBnXkFtZTgwODQ1Mjg2MTI@._V1_SX1500_CR0,0,1500,999_AL_.jpg
robertcv-20/09.png;"Krysten Ritter";https://m.media-amazon.com/images/M/MV5BMTU1MzQ1MjExOF5BMl5BanBnXkFtZTgwMDU1Mjg2MTI@._V1_SX1500_CR0,0,1500,999_AL_.jpg
robertcv-20/10.png;"Krysten Ritter";https://m.media-amazon.com/images/M/MV5BMzE2MTEyMTk3MF5BMl5BanBnXkFtZTgwMTgzMDc2MDI@._V1_.jpg
robertcv-20/11.png;"Krysten Ritter";https://m.media-amazon.com/images/M/MV5BMjgxNTQyMTYtOWViYi00MzNmLTgzYzQtMWRhN2I2MDQ2NWVlL2ltYWdlL2ltYWdlXkEyXkFqcGdeQXVyNTI5NjIyMw@@._V1_.jpg
robertcv-20/12.png;"Krysten Ritter";https://m.media-amazon.com/images/M/MV5BMTY3NDIyMjA3N15BMl5BanBnXkFtZTgwNDE4OTczNzE@._V1_SY1000_CR0,0,1506,1000_AL_.jpg
robertcv-20/13.png;"Krysten Ritter";https://m.media-amazon.com/images/M/MV5BMTY3NDIyMjA3N15BMl5BanBnXkFtZTgwNDE4OTczNzE@._V1_SY1000_CR0,0,1506,1000_AL_.jpg
robertcv-20/14.png;"Krysten Ritter";https://m.media-amazon.com/images/M/MV5BNjAxOTY5MjcyMV5BMl5BanBnXkFtZTgwNDg3OTczNzE@._V1_SY1000_SX1500_AL_.jpg
robertcv-20/15.png;"Krysten Ritter";https://m.media-amazon.com/images/M/MV5BNTYzMzc3MzMyOF5BMl5BanBnXkFtZTgwMDc3OTczNzE@._V1_SY1000_CR0,0,1420,1000_AL_.jpg
robertcv-20/16.png;"Krysten Ritter";https://m.media-amazon.com/images/M/MV5BNzAyNjQwNDE5OF5BMl5BanBnXkFtZTgwMDY3OTczNzE@._V1_SY1000_CR0,0,1502,1000_AL_.jpg
robertcv-20/17.png;"Krysten Ritter";https://m.media-amazon.com/images/M/MV5BMTc5NTIxMTk4M15BMl5BanBnXkFtZTgwODk2NDE3MzE@._V1_SY1000_CR0,0,1523,1000_AL_.jpg
robertcv-20/18.png;"Krysten Ritter";https://m.media-amazon.com/images/M/MV5BNjkyNTI4MjIwNF5BMl5BanBnXkFtZTgwMDIyNzg3MjE@._V1_.jpg
robertcv-20/19.png;"Krysten Ritter";https://m.media-amazon.com/images/M/MV5BOTQxMDI4NjY5Ml5BMl5BanBnXkFtZTgwMjIxNzg3MjE@._V1_.jpg
robertcv-20/20.png;"Krysten Ritter";https://m.media-amazon.com/images/M/MV5BODQ4MzYyODYwOF5BMl5BanBnXkFtZTgwODAwNzg3MjE@._V1_.jpg
robertcv-20/21.png;"Krysten Ritter";https://m.media-amazon.com/images/M/MV5BMTUwMTIxODQ5Nl5BMl5BanBnXkFtZTgwNzk2NDg3MjE@._V1_.jpg
robertcv-20/22.png;"Krysten Ritter";https://m.media-amazon.com/images/M/MV5BMTk2MzI3MTI1OF5BMl5BanBnXkFtZTgwMjA2MjU0MjE@._V1_SX1777_CR0,0,1777,998_AL_.jpg
robertcv-20/23.png;"Krysten Ritter";https://m.media-amazon.com/images/M/MV5BMTQ0Mzc0Nzg5N15BMl5BanBnXkFtZTgwODkzMzgzMjE@._V1_.jpg
robertcv-20/24.png;"Krysten Ritter";https://m.media-amazon.com/images/M/MV5BMjM0MDA0MTIxMl5BMl5BanBnXkFtZTgwMDA2NDEzMTE@._V1_SX1500_CR0,0,1500,999_AL_.jpg
robertcv-20/25.png;"Krysten Ritter";https://m.media-amazon.com/images/M/MV5BMTM5NTc4Mjk3NF5BMl5BanBnXkFtZTcwNzI3MDY4OA@@._V1_.jpg
robertcv-20/26.png;"Krysten Ritter";https://m.media-amazon.com/images/M/MV5BMTQxNjExNjI4NV5BMl5BanBnXkFtZTcwMDQ1ODI3OA@@._V1_.jpg
robertcv-20/27.png;"Krysten Ritter";https://m.media-amazon.com/images/M/MV5BNzczMjMyMzk5OF5BMl5BanBnXkFtZTcwNzQ1ODI3OA@@._V1_.jpg
robertcv-20/28.png;"Krysten Ritter";https://m.media-amazon.com/images/M/MV5BMTg0NjYxMDU3NF5BMl5BanBnXkFtZTcwMTIwNTI1OA@@._V1_SY1000_CR0,0,1097,1000_AL_.jpg
robertcv-20/29.png;"Krysten Ritter";https://m.media-amazon.com/images/M/MV5BNjczMjY2Mzk1OF5BMl5BanBnXkFtZTcwNTQxNzE3Nw@@._V1_.jpg
robertcv-20/30.png;"Krysten Ritter";https://m.media-amazon.com/images/M/MV5BMTU4MTgxNzc2NV5BMl5BanBnXkFtZTcwNTUxNzE3Nw@@._V1_.jpg
